sex,age_days,L,M,S
F,0.0,1.0,49.1477,0.0379
F,1.0,1.0,49.3166,0.03783
F,2.0,1.0,49.4854,0.03776
F,3.0,1.0,49.6543,0.0377
F,4.0,1.0,49.8232,0.03763
F,5.0,1.0,49.9921,0.03756
F,6.0,1.0,50.1609,0.03749
F,7.0,1.0,50.3298,0.03742
F,8.0,1.0,50.4987,0.03735
F,9.0,1.0,50.6676,0.03728
F,10.0,1.0,50.8365,0.03722
F,11.0,1.0,51.0053,0.03715
F,12.0,1.0,51.1742,0.03708
F,13.0,1.0,51.3431,0.03701
F,14.0,1.0,51.512,0.03694
F,15.0,1.0,51.651,0.0369
F,16.0,1.0,51.7895,0.03687
F,17.0,1.0,51.9272,0.03683
F,18.0,1.0,52.0641,0.0368
F,19.0,1.0,52.2002,0.03676
F,20.0,1.0,52.3353,0.03673
F,21.0,1.0,52.4695,0.03669
F,22.0,1.0,52.6027,0.03666
F,23.0,1.0,52.7349,0.03663
F,24.0,1.0,52.8661,0.0366
F,25.0,1.0,52.9963,0.03656
F,26.0,1.0,53.1255,0.03653
F,27.0,1.0,53.2537,0.0365
F,28.0,1.0,53.3809,0.03647
F,29.0,1.0,53.5072,0.03644
F,30.0,1.0,53.6326,0.03641
F,31.0,1.0,53.7571,0.03638
F,32.0,1.0,53.8806,0.03636
F,33.0,1.0,54.0031,0.03633
F,34.0,1.0,54.1247,0.0363
F,35.0,1.0,54.2454,0.03627
F,36.0,1.0,54.3651,0.03625
F,37.0,1.0,54.4839,0.03622
F,38.0,1.0,54.6018,0.03619
F,39.0,1.0,54.7187,0.03617
F,40.0,1.0,54.8348,0.03614
F,41.0,1.0,54.9499,0.03612
F,42.0,1.0,55.0642,0.03609
F,43.0,1.0,55.1777,0.03607
F,44.0,1.0,55.2903,0.03604
F,45.0,1.0,55.4021,0.03602
F,46.0,1.0,55.513,0.036
F,47.0,1.0,55.623,0.03597
F,48.0,1.0,55.7322,0.03595
F,49.0,1.0,55.8406,0.03593
F,50.0,1.0,55.9482,0.03591
F,51.0,1.0,56.0549,0.03588
F,52.0,1.0,56.1609,0.03586
F,53.0,1.0,56.266,0.03584
F,54.0,1.0,56.3704,0.03582
F,55.0,1.0,56.4739,0.0358
F,56.0,1.0,56.5767,0.03578
F,57.0,1.0,56.6788,0.03576
F,58.0,1.0,56.78,0.03574
F,59.0,1.0,56.8806,0.03572
F,60.0,1.0,56.9805,0.0357
F,61.0,1.0,57.0796,0.03568
F,62.0,1.0,57.1782,0.03566
F,63.0,1.0,57.2761,0.03564
F,64.0,1.0,57.3733,0.03562
F,65.0,1.0,57.4699,0.03561
F,66.0,1.0,57.5659,0.03559
F,67.0,1.0,57.6613,0.03557
F,68.0,1.0,57.756,0.03555
F,69.0,1.0,57.8501,0.03553
F,70.0,1.0,57.9436,0.03552
F,71.0,1.0,58.0365,0.0355
F,72.0,1.0,58.1288,0.03548
F,73.0,1.0,58.2206,0.03547
F,74.0,1.0,58.3117,0.03545
F,75.0,1.0,58.4022,0.03543
F,76.0,1.0,58.4922,0.03542
F,77.0,1.0,58.5816,0.0354
F,78.0,1.0,58.6705,0.03539
F,79.0,1.0,58.7588,0.03537
F,80.0,1.0,58.8465,0.03536
F,81.0,1.0,58.9337,0.03534
F,82.0,1.0,59.0204,0.03533
F,83.0,1.0,59.1066,0.03531
F,84.0,1.0,59.1922,0.0353
F,85.0,1.0,59.2773,0.03528
F,86.0,1.0,59.3619,0.03527
F,87.0,1.0,59.4459,0.03526
F,88.0,1.0,59.5295,0.03524
F,89.0,1.0,59.6126,0.03523
F,90.0,1.0,59.6952,0.03521
F,91.0,1.0,59.7773,0.0352
F,92.0,1.0,59.8589,0.03519
F,93.0,1.0,59.9401,0.03517
F,94.0,1.0,60.0209,0.03516
F,95.0,1.0,60.1011,0.03515
F,96.0,1.0,60.181,0.03514
F,97.0,1.0,60.2603,0.03512
F,98.0,1.0,60.3393,0.03511
F,99.0,1.0,60.4178,0.0351
F,100.0,1.0,60.4958,0.03509
F,101.0,1.0,60.5734,0.03508
F,102.0,1.0,60.6506,0.03506
F,103.0,1.0,60.7273,0.03505
F,104.0,1.0,60.8036,0.03504
F,105.0,1.0,60.8795,0.03503
F,106.0,1.0,60.955,0.03502
F,107.0,1.0,61.0301,0.03501
F,108.0,1.0,61.1047,0.035
F,109.0,1.0,61.1789,0.03499
F,110.0,1.0,61.2527,0.03497
F,111.0,1.0,61.3261,0.03496
F,112.0,1.0,61.3991,0.03495
F,113.0,1.0,61.4717,0.03494
F,114.0,1.0,61.5439,0.03493
F,115.0,1.0,61.6156,0.03492
F,116.0,1.0,61.687,0.03491
F,117.0,1.0,61.758,0.0349
F,118.0,1.0,61.8286,0.03489
F,119.0,1.0,61.8988,0.03488
F,120.0,1.0,61.9686,0.03487
F,121.0,1.0,62.0381,0.03487
F,122.0,1.0,62.1071,0.03486
F,123.0,1.0,62.1758,0.03485
F,124.0,1.0,62.2441,0.03484
F,125.0,1.0,62.312,0.03483
F,126.0,1.0,62.3795,0.03482
F,127.0,1.0,62.4467,0.03481
F,128.0,1.0,62.5135,0.0348
F,129.0,1.0,62.58,0.03479
F,130.0,1.0,62.6461,0.03479
F,131.0,1.0,62.7118,0.03478
F,132.0,1.0,62.7772,0.03477
F,133.0,1.0,62.8423,0.03476
F,134.0,1.0,62.907,0.03475
F,135.0,1.0,62.9714,0.03475
F,136.0,1.0,63.0354,0.03474
F,137.0,1.0,63.0991,0.03473
F,138.0,1.0,63.1626,0.03472
F,139.0,1.0,63.2257,0.03471
F,140.0,1.0,63.2884,0.03471
F,141.0,1.0,63.3509,0.0347
F,142.0,1.0,63.4131,0.03469
F,143.0,1.0,63.475,0.03469
F,144.0,1.0,63.5365,0.03468
F,145.0,1.0,63.5978,0.03467
F,146.0,1.0,63.6588,0.03467
F,147.0,1.0,63.7196,0.03466
F,148.0,1.0,63.78,0.03465
F,149.0,1.0,63.8402,0.03465
F,150.0,1.0,63.9,0.03464
F,151.0,1.0,63.9597,0.03463
F,152.0,1.0,64.019,0.03463
F,153.0,1.0,64.0781,0.03462
F,154.0,1.0,64.137,0.03461
F,155.0,1.0,64.1956,0.03461
F,156.0,1.0,64.2539,0.0346
F,157.0,1.0,64.312,0.0346
F,158.0,1.0,64.3699,0.03459
F,159.0,1.0,64.4276,0.03459
F,160.0,1.0,64.485,0.03458
F,161.0,1.0,64.5422,0.03457
F,162.0,1.0,64.5991,0.03457
F,163.0,1.0,64.6559,0.03456
F,164.0,1.0,64.7124,0.03456
F,165.0,1.0,64.7688,0.03455
F,166.0,1.0,64.8249,0.03455
F,167.0,1.0,64.8808,0.03454
F,168.0,1.0,64.9366,0.03454
F,169.0,1.0,64.9921,0.03453
F,170.0,1.0,65.0474,0.03453
F,171.0,1.0,65.1026,0.03453
F,172.0,1.0,65.1576,0.03452
F,173.0,1.0,65.2123,0.03452
F,174.0,1.0,65.267,0.03451
F,175.0,1.0,65.3214,0.03451
F,176.0,1.0,65.3757,0.0345
F,177.0,1.0,65.4298,0.0345
F,178.0,1.0,65.4837,0.0345
F,179.0,1.0,65.5375,0.03449
F,180.0,1.0,65.5911,0.03449
F,181.0,1.0,65.6445,0.03449
F,182.0,1.0,65.6978,0.03448
F,183.0,1.0,65.751,0.03448
F,184.0,1.0,65.804,0.03447
F,185.0,1.0,65.8568,0.03447
F,186.0,1.0,65.9095,0.03447
F,187.0,1.0,65.9621,0.03447
F,188.0,1.0,66.0145,0.03446
F,189.0,1.0,66.0668,0.03446
F,190.0,1.0,66.1189,0.03446
F,191.0,1.0,66.1709,0.03445
F,192.0,1.0,66.2228,0.03445
F,193.0,1.0,66.2745,0.03445
F,194.0,1.0,66.3261,0.03444
F,195.0,1.0,66.3776,0.03444
F,196.0,1.0,66.429,0.03444
F,197.0,1.0,66.4802,0.03444
F,198.0,1.0,66.5313,0.03444
F,199.0,1.0,66.5823,0.03443
F,200.0,1.0,66.6331,0.03443
F,201.0,1.0,66.6839,0.03443
F,202.0,1.0,66.7345,0.03443
F,203.0,1.0,66.785,0.03442
F,204.0,1.0,66.8354,0.03442
F,205.0,1.0,66.8857,0.03442
F,206.0,1.0,66.9359,0.03442
F,207.0,1.0,66.9859,0.03442
F,208.0,1.0,67.0359,0.03442
F,209.0,1.0,67.0858,0.03441
F,210.0,1.0,67.1355,0.03441
F,211.0,1.0,67.1852,0.03441
F,212.0,1.0,67.2347,0.03441
F,213.0,1.0,67.2842,0.03441
F,214.0,1.0,67.3335,0.03441
F,215.0,1.0,67.3828,0.03441
F,216.0,1.0,67.432,0.03441
F,217.0,1.0,67.481,0.0344
F,218.0,1.0,67.53,0.0344
F,219.0,1.0,67.5789,0.0344
F,220.0,1.0,67.6277,0.0344
F,221.0,1.0,67.6764,0.0344
F,222.0,1.0,67.725,0.0344
F,223.0,1.0,67.7735,0.0344
F,224.0,1.0,67.8219,0.0344
F,225.0,1.0,67.8703,0.0344
F,226.0,1.0,67.9185,0.0344
F,227.0,1.0,67.9667,0.0344
F,228.0,1.0,68.0148,0.0344
F,229.0,1.0,68.0628,0.0344
F,230.0,1.0,68.1107,0.0344
F,231.0,1.0,68.1585,0.0344
F,232.0,1.0,68.2063,0.0344
F,233.0,1.0,68.254,0.0344
F,234.0,1.0,68.3016,0.0344
F,235.0,1.0,68.3491,0.0344
F,236.0,1.0,68.3965,0.0344
F,237.0,1.0,68.4439,0.0344
F,238.0,1.0,68.4911,0.0344
F,239.0,1.0,68.5383,0.0344
F,240.0,1.0,68.5855,0.0344
F,241.0,1.0,68.6325,0.0344
F,242.0,1.0,68.6795,0.0344
F,243.0,1.0,68.7264,0.0344
F,244.0,1.0,68.7732,0.0344
F,245.0,1.0,68.82,0.0344
F,246.0,1.0,68.8666,0.0344
F,247.0,1.0,68.9133,0.0344
F,248.0,1.0,68.9598,0.0344
F,249.0,1.0,69.0063,0.0344
F,250.0,1.0,69.0527,0.0344
F,251.0,1.0,69.099,0.03441
F,252.0,1.0,69.1452,0.03441
F,253.0,1.0,69.1914,0.03441
F,254.0,1.0,69.2376,0.03441
F,255.0,1.0,69.2836,0.03441
F,256.0,1.0,69.3296,0.03441
F,257.0,1.0,69.3755,0.03441
F,258.0,1.0,69.4214,0.03441
F,259.0,1.0,69.4672,0.03441
F,260.0,1.0,69.5129,0.03442
F,261.0,1.0,69.5585,0.03442
F,262.0,1.0,69.6041,0.03442
F,263.0,1.0,69.6496,0.03442
F,264.0,1.0,69.6951,0.03442
F,265.0,1.0,69.7405,0.03442
F,266.0,1.0,69.7858,0.03443
F,267.0,1.0,69.8311,0.03443
F,268.0,1.0,69.8763,0.03443
F,269.0,1.0,69.9215,0.03443
F,270.0,1.0,69.9666,0.03443
F,271.0,1.0,70.0116,0.03444
F,272.0,1.0,70.0566,0.03444
F,273.0,1.0,70.1015,0.03444
F,274.0,1.0,70.1463,0.03444
F,275.0,1.0,70.1911,0.03444
F,276.0,1.0,70.2358,0.03445
F,277.0,1.0,70.2805,0.03445
F,278.0,1.0,70.3251,0.03445
F,279.0,1.0,70.3697,0.03445
F,280.0,1.0,70.4142,0.03445
F,281.0,1.0,70.4586,0.03446
F,282.0,1.0,70.503,0.03446
F,283.0,1.0,70.5474,0.03446
F,284.0,1.0,70.5917,0.03446
F,285.0,1.0,70.6359,0.03447
F,286.0,1.0,70.68,0.03447
F,287.0,1.0,70.7241,0.03447
F,288.0,1.0,70.7682,0.03448
F,289.0,1.0,70.8122,0.03448
F,290.0,1.0,70.8561,0.03448
F,291.0,1.0,70.9,0.03448
F,292.0,1.0,70.9439,0.03449
F,293.0,1.0,70.9876,0.03449
F,294.0,1.0,71.0314,0.03449
F,295.0,1.0,71.075,0.0345
F,296.0,1.0,71.1187,0.0345
F,297.0,1.0,71.1622,0.0345
F,298.0,1.0,71.2057,0.0345
F,299.0,1.0,71.2492,0.03451
F,300.0,1.0,71.2926,0.03451
F,301.0,1.0,71.3359,0.03451
F,302.0,1.0,71.3792,0.03452
F,303.0,1.0,71.4224,0.03452
F,304.0,1.0,71.4656,0.03452
F,305.0,1.0,71.5088,0.03453
F,306.0,1.0,71.5518,0.03453
F,307.0,1.0,71.5949,0.03453
F,308.0,1.0,71.6378,0.03454
F,309.0,1.0,71.6808,0.03454
F,310.0,1.0,71.7236,0.03454
F,311.0,1.0,71.7664,0.03455
F,312.0,1.0,71.8092,0.03455
F,313.0,1.0,71.8519,0.03456
F,314.0,1.0,71.8946,0.03456
F,315.0,1.0,71.9372,0.03456
F,316.0,1.0,71.9798,0.03457
F,317.0,1.0,72.0223,0.03457
F,318.0,1.0,72.0647,0.03457
F,319.0,1.0,72.1071,0.03458
F,320.0,1.0,72.1495,0.03458
F,321.0,1.0,72.1918,0.03459
F,322.0,1.0,72.234,0.03459
F,323.0,1.0,72.2762,0.03459
F,324.0,1.0,72.3184,0.0346
F,325.0,1.0,72.3605,0.0346
F,326.0,1.0,72.4025,0.03461
F,327.0,1.0,72.4445,0.03461
F,328.0,1.0,72.4865,0.03461
F,329.0,1.0,72.5284,0.03462
F,330.0,1.0,72.5702,0.03462
F,331.0,1.0,72.612,0.03463
F,332.0,1.0,72.6538,0.03463
F,333.0,1.0,72.6955,0.03464
F,334.0,1.0,72.7372,0.03464
F,335.0,1.0,72.7788,0.03464
F,336.0,1.0,72.8203,0.03465
F,337.0,1.0,72.8618,0.03465
F,338.0,1.0,72.9033,0.03466
F,339.0,1.0,72.9447,0.03466
F,340.0,1.0,72.9861,0.03467
F,341.0,1.0,73.0274,0.03467
F,342.0,1.0,73.0686,0.03468
F,343.0,1.0,73.1099,0.03468
F,344.0,1.0,73.151,0.03469
F,345.0,1.0,73.1922,0.03469
F,346.0,1.0,73.2332,0.03469
F,347.0,1.0,73.2743,0.0347
F,348.0,1.0,73.3152,0.0347
F,349.0,1.0,73.3562,0.03471
F,350.0,1.0,73.3971,0.03471
F,351.0,1.0,73.4379,0.03472
F,352.0,1.0,73.4787,0.03472
F,353.0,1.0,73.5195,0.03473
F,354.0,1.0,73.5602,0.03473
F,355.0,1.0,73.6008,0.03474
F,356.0,1.0,73.6414,0.03474
F,357.0,1.0,73.682,0.03475
F,358.0,1.0,73.7225,0.03475
F,359.0,1.0,73.763,0.03476
F,360.0,1.0,73.8034,0.03476
F,361.0,1.0,73.8438,0.03477
F,362.0,1.0,73.8842,0.03477
F,363.0,1.0,73.9245,0.03478
F,364.0,1.0,73.9647,0.03478
F,365.0,1.0,74.0049,0.03479
F,366.0,1.0,74.0451,0.03479
F,367.0,1.0,74.0852,0.0348
F,368.0,1.0,74.1253,0.0348
F,369.0,1.0,74.1653,0.03481
F,370.0,1.0,74.2053,0.03482
F,371.0,1.0,74.2452,0.03482
F,372.0,1.0,74.2851,0.03483
F,373.0,1.0,74.325,0.03483
F,374.0,1.0,74.3648,0.03484
F,375.0,1.0,74.4045,0.03484
F,376.0,1.0,74.4443,0.03485
F,377.0,1.0,74.4839,0.03485
F,378.0,1.0,74.5236,0.03486
F,379.0,1.0,74.5632,0.03486
F,380.0,1.0,74.6027,0.03487
F,381.0,1.0,74.6422,0.03488
F,382.0,1.0,74.6817,0.03488
F,383.0,1.0,74.7211,0.03489
F,384.0,1.0,74.7605,0.03489
F,385.0,1.0,74.7998,0.0349
F,386.0,1.0,74.8391,0.0349
F,387.0,1.0,74.8784,0.03491
F,388.0,1.0,74.9176,0.03491
F,389.0,1.0,74.9567,0.03492
F,390.0,1.0,74.9959,0.03493
F,391.0,1.0,75.0349,0.03493
F,392.0,1.0,75.074,0.03494
F,393.0,1.0,75.113,0.03494
F,394.0,1.0,75.1519,0.03495
F,395.0,1.0,75.1908,0.03495
F,396.0,1.0,75.2297,0.03496
F,397.0,1.0,75.2686,0.03497
F,398.0,1.0,75.3073,0.03497
F,399.0,1.0,75.3461,0.03498
F,400.0,1.0,75.3848,0.03498
F,401.0,1.0,75.4235,0.03499
F,402.0,1.0,75.4621,0.035
F,403.0,1.0,75.5007,0.035
F,404.0,1.0,75.5392,0.03501
F,405.0,1.0,75.5777,0.03501
F,406.0,1.0,75.6162,0.03502
F,407.0,1.0,75.6546,0.03503
F,408.0,1.0,75.693,0.03503
F,409.0,1.0,75.7313,0.03504
F,410.0,1.0,75.7696,0.03504
F,411.0,1.0,75.8079,0.03505
F,412.0,1.0,75.8461,0.03506
F,413.0,1.0,75.8843,0.03506
F,414.0,1.0,75.9224,0.03507
F,415.0,1.0,75.9605,0.03507
F,416.0,1.0,75.9986,0.03508
F,417.0,1.0,76.0366,0.03509
F,418.0,1.0,76.0746,0.03509
F,419.0,1.0,76.1125,0.0351
F,420.0,1.0,76.1504,0.03511
F,421.0,1.0,76.1883,0.03511
F,422.0,1.0,76.2261,0.03512
F,423.0,1.0,76.2639,0.03512
F,424.0,1.0,76.3016,0.03513
F,425.0,1.0,76.3393,0.03514
F,426.0,1.0,76.377,0.03514
F,427.0,1.0,76.4146,0.03515
F,428.0,1.0,76.4522,0.03516
F,429.0,1.0,76.4897,0.03516
F,430.0,1.0,76.5272,0.03517
F,431.0,1.0,76.5647,0.03518
F,432.0,1.0,76.6021,0.03518
F,433.0,1.0,76.6395,0.03519
F,434.0,1.0,76.6769,0.03519
F,435.0,1.0,76.7142,0.0352
F,436.0,1.0,76.7515,0.03521
F,437.0,1.0,76.7887,0.03521
F,438.0,1.0,76.8259,0.03522
F,439.0,1.0,76.8631,0.03523
F,440.0,1.0,76.9002,0.03523
F,441.0,1.0,76.9373,0.03524
F,442.0,1.0,76.9744,0.03525
F,443.0,1.0,77.0114,0.03525
F,444.0,1.0,77.0484,0.03526
F,445.0,1.0,77.0853,0.03527
F,446.0,1.0,77.1222,0.03527
F,447.0,1.0,77.1591,0.03528
F,448.0,1.0,77.1959,0.03529
F,449.0,1.0,77.2327,0.03529
F,450.0,1.0,77.2695,0.0353
F,451.0,1.0,77.3062,0.0353
F,452.0,1.0,77.3429,0.03531
F,453.0,1.0,77.3796,0.03532
F,454.0,1.0,77.4162,0.03532
F,455.0,1.0,77.4528,0.03533
F,456.0,1.0,77.4893,0.03534
F,457.0,1.0,77.5258,0.03534
F,458.0,1.0,77.5623,0.03535
F,459.0,1.0,77.5988,0.03536
F,460.0,1.0,77.6352,0.03536
F,461.0,1.0,77.6716,0.03537
F,462.0,1.0,77.7079,0.03538
F,463.0,1.0,77.7442,0.03538
F,464.0,1.0,77.7805,0.03539
F,465.0,1.0,77.8167,0.0354
F,466.0,1.0,77.8529,0.0354
F,467.0,1.0,77.8891,0.03541
F,468.0,1.0,77.9252,0.03542
F,469.0,1.0,77.9613,0.03543
F,470.0,1.0,77.9974,0.03543
F,471.0,1.0,78.0334,0.03544
F,472.0,1.0,78.0694,0.03545
F,473.0,1.0,78.1054,0.03545
F,474.0,1.0,78.1413,0.03546
F,475.0,1.0,78.1772,0.03547
F,476.0,1.0,78.2131,0.03547
F,477.0,1.0,78.249,0.03548
F,478.0,1.0,78.2848,0.03549
F,479.0,1.0,78.3205,0.03549
F,480.0,1.0,78.3563,0.0355
F,481.0,1.0,78.392,0.03551
F,482.0,1.0,78.4276,0.03551
F,483.0,1.0,78.4633,0.03552
F,484.0,1.0,78.4989,0.03553
F,485.0,1.0,78.5345,0.03553
F,486.0,1.0,78.57,0.03554
F,487.0,1.0,78.6055,0.03555
F,488.0,1.0,78.641,0.03556
F,489.0,1.0,78.6764,0.03556
F,490.0,1.0,78.7118,0.03557
F,491.0,1.0,78.7472,0.03558
F,492.0,1.0,78.7826,0.03558
F,493.0,1.0,78.8179,0.03559
F,494.0,1.0,78.8532,0.0356
F,495.0,1.0,78.8884,0.0356
F,496.0,1.0,78.9236,0.03561
F,497.0,1.0,78.9588,0.03562
F,498.0,1.0,78.994,0.03562
F,499.0,1.0,79.0291,0.03563
F,500.0,1.0,79.0642,0.03564
F,501.0,1.0,79.0993,0.03565
F,502.0,1.0,79.1343,0.03565
F,503.0,1.0,79.1693,0.03566
F,504.0,1.0,79.2042,0.03567
F,505.0,1.0,79.2392,0.03567
F,506.0,1.0,79.2741,0.03568
F,507.0,1.0,79.3089,0.03569
F,508.0,1.0,79.3438,0.03569
F,509.0,1.0,79.3786,0.0357
F,510.0,1.0,79.4134,0.03571
F,511.0,1.0,79.4481,0.03572
F,512.0,1.0,79.4828,0.03572
F,513.0,1.0,79.5175,0.03573
F,514.0,1.0,79.5521,0.03574
F,515.0,1.0,79.5868,0.03574
F,516.0,1.0,79.6213,0.03575
F,517.0,1.0,79.6559,0.03576
F,518.0,1.0,79.6904,0.03577
F,519.0,1.0,79.7249,0.03577
F,520.0,1.0,79.7594,0.03578
F,521.0,1.0,79.7938,0.03579
F,522.0,1.0,79.8282,0.03579
F,523.0,1.0,79.8626,0.0358
F,524.0,1.0,79.8969,0.03581
F,525.0,1.0,79.9312,0.03582
F,526.0,1.0,79.9655,0.03582
F,527.0,1.0,79.9998,0.03583
F,528.0,1.0,80.034,0.03584
F,529.0,1.0,80.0682,0.03584
F,530.0,1.0,80.1023,0.03585
F,531.0,1.0,80.1365,0.03586
F,532.0,1.0,80.1706,0.03587
F,533.0,1.0,80.2046,0.03587
F,534.0,1.0,80.2387,0.03588
F,535.0,1.0,80.2727,0.03589
F,536.0,1.0,80.3067,0.03589
F,537.0,1.0,80.3406,0.0359
F,538.0,1.0,80.3745,0.03591
F,539.0,1.0,80.4084,0.03592
F,540.0,1.0,80.4423,0.03592
F,541.0,1.0,80.4761,0.03593
F,542.0,1.0,80.5099,0.03594
F,543.0,1.0,80.5437,0.03594
F,544.0,1.0,80.5774,0.03595
F,545.0,1.0,80.6112,0.03596
F,546.0,1.0,80.6448,0.03597
F,547.0,1.0,80.6785,0.03597
F,548.0,1.0,80.7121,0.03598
F,549.0,1.0,80.7457,0.03599
F,550.0,1.0,80.7793,0.036
F,551.0,1.0,80.8128,0.036
F,552.0,1.0,80.8464,0.03601
F,553.0,1.0,80.8798,0.03602
F,554.0,1.0,80.9133,0.03602
F,555.0,1.0,80.9467,0.03603
F,556.0,1.0,80.9801,0.03604
F,557.0,1.0,81.0135,0.03605
F,558.0,1.0,81.0468,0.03605
F,559.0,1.0,81.0802,0.03606
F,560.0,1.0,81.1134,0.03607
F,561.0,1.0,81.1467,0.03608
F,562.0,1.0,81.1799,0.03608
F,563.0,1.0,81.2131,0.03609
F,564.0,1.0,81.2463,0.0361
F,565.0,1.0,81.2795,0.03611
F,566.0,1.0,81.3126,0.03611
F,567.0,1.0,81.3457,0.03612
F,568.0,1.0,81.3788,0.03613
F,569.0,1.0,81.4118,0.03613
F,570.0,1.0,81.4448,0.03614
F,571.0,1.0,81.4778,0.03615
F,572.0,1.0,81.5108,0.03616
F,573.0,1.0,81.5437,0.03616
F,574.0,1.0,81.5766,0.03617
F,575.0,1.0,81.6095,0.03618
F,576.0,1.0,81.6423,0.03619
F,577.0,1.0,81.6752,0.03619
F,578.0,1.0,81.708,0.0362
F,579.0,1.0,81.7407,0.03621
F,580.0,1.0,81.7735,0.03622
F,581.0,1.0,81.8062,0.03622
F,582.0,1.0,81.8389,0.03623
F,583.0,1.0,81.8715,0.03624
F,584.0,1.0,81.9042,0.03624
F,585.0,1.0,81.9368,0.03625
F,586.0,1.0,81.9694,0.03626
F,587.0,1.0,82.0019,0.03627
F,588.0,1.0,82.0345,0.03627
F,589.0,1.0,82.067,0.03628
F,590.0,1.0,82.0994,0.03629
F,591.0,1.0,82.1319,0.0363
F,592.0,1.0,82.1643,0.0363
F,593.0,1.0,82.1967,0.03631
F,594.0,1.0,82.2291,0.03632
F,595.0,1.0,82.2614,0.03633
F,596.0,1.0,82.2938,0.03633
F,597.0,1.0,82.3261,0.03634
F,598.0,1.0,82.3583,0.03635
F,599.0,1.0,82.3906,0.03636
F,600.0,1.0,82.4228,0.03636
F,601.0,1.0,82.455,0.03637
F,602.0,1.0,82.4872,0.03638
F,603.0,1.0,82.5193,0.03639
F,604.0,1.0,82.5514,0.03639
F,605.0,1.0,82.5835,0.0364
F,606.0,1.0,82.6156,0.03641
F,607.0,1.0,82.6476,0.03642
F,608.0,1.0,82.6796,0.03642
F,609.0,1.0,82.7116,0.03643
F,610.0,1.0,82.7436,0.03644
F,611.0,1.0,82.7755,0.03645
F,612.0,1.0,82.8074,0.03645
F,613.0,1.0,82.8393,0.03646
F,614.0,1.0,82.8712,0.03647
F,615.0,1.0,82.903,0.03648
F,616.0,1.0,82.9348,0.03648
F,617.0,1.0,82.9666,0.03649
F,618.0,1.0,82.9984,0.0365
F,619.0,1.0,83.0301,0.0365
F,620.0,1.0,83.0618,0.03651
F,621.0,1.0,83.0935,0.03652
F,622.0,1.0,83.1251,0.03653
F,623.0,1.0,83.1568,0.03653
F,624.0,1.0,83.1884,0.03654
F,625.0,1.0,83.22,0.03655
F,626.0,1.0,83.2515,0.03656
F,627.0,1.0,83.2831,0.03656
F,628.0,1.0,83.3146,0.03657
F,629.0,1.0,83.3461,0.03658
F,630.0,1.0,83.3775,0.03659
F,631.0,1.0,83.4089,0.03659
F,632.0,1.0,83.4403,0.0366
F,633.0,1.0,83.4717,0.03661
F,634.0,1.0,83.5031,0.03662
F,635.0,1.0,83.5344,0.03662
F,636.0,1.0,83.5657,0.03663
F,637.0,1.0,83.597,0.03664
F,638.0,1.0,83.6283,0.03665
F,639.0,1.0,83.6595,0.03665
F,640.0,1.0,83.6907,0.03666
F,641.0,1.0,83.7219,0.03667
F,642.0,1.0,83.753,0.03668
F,643.0,1.0,83.7842,0.03668
F,644.0,1.0,83.8153,0.03669
F,645.0,1.0,83.8464,0.0367
F,646.0,1.0,83.8774,0.03671
F,647.0,1.0,83.9085,0.03671
F,648.0,1.0,83.9395,0.03672
F,649.0,1.0,83.9705,0.03673
F,650.0,1.0,84.0014,0.03674
F,651.0,1.0,84.0324,0.03674
F,652.0,1.0,84.0633,0.03675
F,653.0,1.0,84.0941,0.03676
F,654.0,1.0,84.125,0.03677
F,655.0,1.0,84.1558,0.03677
F,656.0,1.0,84.1867,0.03678
F,657.0,1.0,84.2174,0.03679
F,658.0,1.0,84.2482,0.0368
F,659.0,1.0,84.2789,0.0368
F,660.0,1.0,84.3096,0.03681
F,661.0,1.0,84.3403,0.03682
F,662.0,1.0,84.371,0.03683
F,663.0,1.0,84.4016,0.03683
F,664.0,1.0,84.4323,0.03684
F,665.0,1.0,84.4628,0.03685
F,666.0,1.0,84.4934,0.03686
F,667.0,1.0,84.5239,0.03686
F,668.0,1.0,84.5545,0.03687
F,669.0,1.0,84.585,0.03688
F,670.0,1.0,84.6154,0.03689
F,671.0,1.0,84.6459,0.03689
F,672.0,1.0,84.6763,0.0369
F,673.0,1.0,84.7067,0.03691
F,674.0,1.0,84.737,0.03692
F,675.0,1.0,84.7674,0.03692
F,676.0,1.0,84.7977,0.03693
F,677.0,1.0,84.828,0.03694
F,678.0,1.0,84.8583,0.03695
F,679.0,1.0,84.8885,0.03695
F,680.0,1.0,84.9188,0.03696
F,681.0,1.0,84.949,0.03697
F,682.0,1.0,84.9791,0.03698
F,683.0,1.0,85.0093,0.03698
F,684.0,1.0,85.0394,0.03699
F,685.0,1.0,85.0695,0.037
F,686.0,1.0,85.0996,0.03701
F,687.0,1.0,85.1297,0.03701
F,688.0,1.0,85.1597,0.03702
F,689.0,1.0,85.1897,0.03703
F,690.0,1.0,85.2197,0.03704
F,691.0,1.0,85.2497,0.03704
F,692.0,1.0,85.2796,0.03705
F,693.0,1.0,85.3096,0.03706
F,694.0,1.0,85.3395,0.03706
F,695.0,1.0,85.3693,0.03707
F,696.0,1.0,85.3992,0.03708
F,697.0,1.0,85.429,0.03709
F,698.0,1.0,85.4588,0.03709
F,699.0,1.0,85.4886,0.0371
F,700.0,1.0,85.5184,0.03711
F,701.0,1.0,85.5481,0.03712
F,702.0,1.0,85.5778,0.03712
F,703.0,1.0,85.6075,0.03713
F,704.0,1.0,85.6372,0.03714
F,705.0,1.0,85.6668,0.03715
F,706.0,1.0,85.6964,0.03715
F,707.0,1.0,85.726,0.03716
F,708.0,1.0,85.7556,0.03717
F,709.0,1.0,85.7852,0.03718
F,710.0,1.0,85.8147,0.03718
F,711.0,1.0,85.8442,0.03719
F,712.0,1.0,85.8737,0.0372
F,713.0,1.0,85.9032,0.03721
F,714.0,1.0,85.9326,0.03721
F,715.0,1.0,85.9621,0.03722
F,716.0,1.0,85.9915,0.03723
F,717.0,1.0,86.0208,0.03724
F,718.0,1.0,86.0502,0.03724
F,719.0,1.0,86.0795,0.03725
F,720.0,1.0,86.1089,0.03726
F,721.0,1.0,86.1381,0.03727
F,722.0,1.0,86.1674,0.03727
F,723.0,1.0,86.1967,0.03728
F,724.0,1.0,86.2259,0.03729
F,725.0,1.0,86.2551,0.03729
F,726.0,1.0,86.2843,0.0373
F,727.0,1.0,86.3134,0.03731
F,728.0,1.0,86.3426,0.03732
F,729.0,1.0,86.3717,0.03732
F,730.0,1.0,86.4008,0.03733
M,0.0,1.0,49.8842,0.03795
M,1.0,1.0,50.0601,0.03785
M,2.0,1.0,50.2359,0.03775
M,3.0,1.0,50.4118,0.03764
M,4.0,1.0,50.5876,0.03754
M,5.0,1.0,50.7635,0.03744
M,6.0,1.0,50.9393,0.03734
M,7.0,1.0,51.1152,0.03723
M,8.0,1.0,51.291,0.03713
M,9.0,1.0,51.4669,0.03703
M,10.0,1.0,51.6427,0.03693
M,11.0,1.0,51.8186,0.03682
M,12.0,1.0,51.9944,0.03672
M,13.0,1.0,52.1702,0.03662
M,14.0,1.0,52.3461,0.03652
M,15.0,1.0,52.4978,0.03645
M,16.0,1.0,52.6488,0.03639
M,17.0,1.0,52.799,0.03633
M,18.0,1.0,52.9483,0.03627
M,19.0,1.0,53.0967,0.03621
M,20.0,1.0,53.2441,0.03615
M,21.0,1.0,53.3905,0.03609
M,22.0,1.0,53.536,0.03603
M,23.0,1.0,53.6805,0.03597
M,24.0,1.0,53.8239,0.03592
M,25.0,1.0,53.9664,0.03586
M,26.0,1.0,54.1079,0.03581
M,27.0,1.0,54.2485,0.03575
M,28.0,1.0,54.3881,0.0357
M,29.0,1.0,54.5268,0.03565
M,30.0,1.0,54.6645,0.03559
M,31.0,1.0,54.8012,0.03554
M,32.0,1.0,54.9368,0.03549
M,33.0,1.0,55.0714,0.03544
M,34.0,1.0,55.2049,0.03539
M,35.0,1.0,55.3374,0.03534
M,36.0,1.0,55.4688,0.03529
M,37.0,1.0,55.5992,0.03524
M,38.0,1.0,55.7285,0.0352
M,39.0,1.0,55.8568,0.03515
M,40.0,1.0,55.9841,0.0351
M,41.0,1.0,56.1104,0.03506
M,42.0,1.0,56.2357,0.03501
M,43.0,1.0,56.3599,0.03496
M,44.0,1.0,56.4833,0.03492
M,45.0,1.0,56.6056,0.03488
M,46.0,1.0,56.7269,0.03483
M,47.0,1.0,56.8472,0.03479
M,48.0,1.0,56.9666,0.03475
M,49.0,1.0,57.0851,0.0347
M,50.0,1.0,57.2026,0.03466
M,51.0,1.0,57.3192,0.03462
M,52.0,1.0,57.4349,0.03458
M,53.0,1.0,57.5497,0.03454
M,54.0,1.0,57.6637,0.0345
M,55.0,1.0,57.7767,0.03446
M,56.0,1.0,57.8889,0.03442
M,57.0,1.0,58.0003,0.03438
M,58.0,1.0,58.1109,0.03434
M,59.0,1.0,58.2207,0.03431
M,60.0,1.0,58.3299,0.03427
M,61.0,1.0,58.4384,0.03423
M,62.0,1.0,58.5463,0.0342
M,63.0,1.0,58.6536,0.03416
M,64.0,1.0,58.7603,0.03412
M,65.0,1.0,58.8664,0.03409
M,66.0,1.0,58.9718,0.03405
M,67.0,1.0,59.0766,0.03402
M,68.0,1.0,59.1808,0.03398
M,69.0,1.0,59.2843,0.03395
M,70.0,1.0,59.3872,0.03392
M,71.0,1.0,59.4894,0.03388
M,72.0,1.0,59.591,0.03385
M,73.0,1.0,59.692,0.03382
M,74.0,1.0,59.7923,0.03379
M,75.0,1.0,59.892,0.03375
M,76.0,1.0,59.991,0.03372
M,77.0,1.0,60.0894,0.03369
M,78.0,1.0,60.1872,0.03366
M,79.0,1.0,60.2843,0.03363
M,80.0,1.0,60.3808,0.0336
M,81.0,1.0,60.4767,0.03357
M,82.0,1.0,60.5719,0.03354
M,83.0,1.0,60.6665,0.03351
M,84.0,1.0,60.7605,0.03348
M,85.0,1.0,60.8539,0.03345
M,86.0,1.0,60.9466,0.03342
M,87.0,1.0,61.0388,0.0334
M,88.0,1.0,61.1303,0.03337
M,89.0,1.0,61.2212,0.03334
M,90.0,1.0,61.3115,0.03331
M,91.0,1.0,61.4013,0.03329
M,92.0,1.0,61.4904,0.03326
M,93.0,1.0,61.579,0.03323
M,94.0,1.0,61.667,0.03321
M,95.0,1.0,61.7543,0.03318
M,96.0,1.0,61.8411,0.03316
M,97.0,1.0,61.9274,0.03313
M,98.0,1.0,62.013,0.03311
M,99.0,1.0,62.0981,0.03308
M,100.0,1.0,62.1826,0.03306
M,101.0,1.0,62.2665,0.03303
M,102.0,1.0,62.3499,0.03301
M,103.0,1.0,62.4327,0.03298
M,104.0,1.0,62.5149,0.03296
M,105.0,1.0,62.5966,0.03294
M,106.0,1.0,62.6778,0.03291
M,107.0,1.0,62.7584,0.03289
M,108.0,1.0,62.8384,0.03287
M,109.0,1.0,62.918,0.03284
M,110.0,1.0,62.9969,0.03282
M,111.0,1.0,63.0754,0.0328
M,112.0,1.0,63.1533,0.03278
M,113.0,1.0,63.2307,0.03276
M,114.0,1.0,63.3076,0.03273
M,115.0,1.0,63.3839,0.03271
M,116.0,1.0,63.4598,0.03269
M,117.0,1.0,63.5351,0.03267
M,118.0,1.0,63.6099,0.03265
M,119.0,1.0,63.6842,0.03263
M,120.0,1.0,63.758,0.03261
M,121.0,1.0,63.8313,0.03259
M,122.0,1.0,63.9041,0.03257
M,123.0,1.0,63.9765,0.03255
M,124.0,1.0,64.0483,0.03253
M,125.0,1.0,64.1197,0.03251
M,126.0,1.0,64.1906,0.03249
M,127.0,1.0,64.261,0.03247
M,128.0,1.0,64.331,0.03245
M,129.0,1.0,64.4006,0.03243
M,130.0,1.0,64.4697,0.03241
M,131.0,1.0,64.5383,0.03239
M,132.0,1.0,64.6066,0.03238
M,133.0,1.0,64.6744,0.03236
M,134.0,1.0,64.7418,0.03234
M,135.0,1.0,64.8088,0.03232
M,136.0,1.0,64.8755,0.0323
M,137.0,1.0,64.9417,0.03229
M,138.0,1.0,65.0075,0.03227
M,139.0,1.0,65.073,0.03225
M,140.0,1.0,65.138,0.03223
M,141.0,1.0,65.2027,0.03222
M,142.0,1.0,65.2671,0.0322
M,143.0,1.0,65.331,0.03218
M,144.0,1.0,65.3946,0.03217
M,145.0,1.0,65.4579,0.03215
M,146.0,1.0,65.5208,0.03214
M,147.0,1.0,65.5834,0.03212
M,148.0,1.0,65.6456,0.0321
M,149.0,1.0,65.7075,0.03209
M,150.0,1.0,65.769,0.03207
M,151.0,1.0,65.8303,0.03206
M,152.0,1.0,65.8912,0.03204
M,153.0,1.0,65.9518,0.03203
M,154.0,1.0,66.0121,0.03201
M,155.0,1.0,66.0721,0.032
M,156.0,1.0,66.1317,0.03198
M,157.0,1.0,66.1911,0.03197
M,158.0,1.0,66.2502,0.03196
M,159.0,1.0,66.3089,0.03194
M,160.0,1.0,66.3674,0.03193
M,161.0,1.0,66.4256,0.03191
M,162.0,1.0,66.4835,0.0319
M,163.0,1.0,66.5412,0.03189
M,164.0,1.0,66.5985,0.03187
M,165.0,1.0,66.6556,0.03186
M,166.0,1.0,66.7125,0.03185
M,167.0,1.0,66.7691,0.03183
M,168.0,1.0,66.8254,0.03182
M,169.0,1.0,66.8815,0.03181
M,170.0,1.0,66.9373,0.0318
M,171.0,1.0,66.993,0.03179
M,172.0,1.0,67.0483,0.03177
M,173.0,1.0,67.1035,0.03176
M,174.0,1.0,67.1584,0.03175
M,175.0,1.0,67.2132,0.03174
M,176.0,1.0,67.2677,0.03173
M,177.0,1.0,67.3219,0.03171
M,178.0,1.0,67.376,0.0317
M,179.0,1.0,67.4299,0.03169
M,180.0,1.0,67.4836,0.03168
M,181.0,1.0,67.5371,0.03167
M,182.0,1.0,67.5904,0.03166
M,183.0,1.0,67.6435,0.03165
M,184.0,1.0,67.6964,0.03164
M,185.0,1.0,67.7491,0.03163
M,186.0,1.0,67.8017,0.03162
M,187.0,1.0,67.8541,0.03161
M,188.0,1.0,67.9062,0.0316
M,189.0,1.0,67.9583,0.03159
M,190.0,1.0,68.0101,0.03158
M,191.0,1.0,68.0618,0.03157
M,192.0,1.0,68.1133,0.03156
M,193.0,1.0,68.1647,0.03155
M,194.0,1.0,68.2158,0.03154
M,195.0,1.0,68.2669,0.03153
M,196.0,1.0,68.3177,0.03152
M,197.0,1.0,68.3685,0.03152
M,198.0,1.0,68.419,0.03151
M,199.0,1.0,68.4695,0.0315
M,200.0,1.0,68.5198,0.03149
M,201.0,1.0,68.5699,0.03148
M,202.0,1.0,68.6199,0.03147
M,203.0,1.0,68.6698,0.03147
M,204.0,1.0,68.7195,0.03146
M,205.0,1.0,68.7691,0.03145
M,206.0,1.0,68.8186,0.03144
M,207.0,1.0,68.8679,0.03144
M,208.0,1.0,68.9171,0.03143
M,209.0,1.0,68.9662,0.03142
M,210.0,1.0,69.0152,0.03141
M,211.0,1.0,69.0641,0.03141
M,212.0,1.0,69.1128,0.0314
M,213.0,1.0,69.1615,0.03139
M,214.0,1.0,69.21,0.03139
M,215.0,1.0,69.2584,0.03138
M,216.0,1.0,69.3067,0.03137
M,217.0,1.0,69.3549,0.03137
M,218.0,1.0,69.4031,0.03136
M,219.0,1.0,69.4511,0.03136
M,220.0,1.0,69.499,0.03135
M,221.0,1.0,69.5468,0.03134
M,222.0,1.0,69.5945,0.03134
M,223.0,1.0,69.6421,0.03133
M,224.0,1.0,69.6896,0.03133
M,225.0,1.0,69.737,0.03132
M,226.0,1.0,69.7844,0.03132
M,227.0,1.0,69.8316,0.03131
M,228.0,1.0,69.8787,0.03131
M,229.0,1.0,69.9258,0.0313
M,230.0,1.0,69.9728,0.0313
M,231.0,1.0,70.0197,0.03129
M,232.0,1.0,70.0665,0.03129
M,233.0,1.0,70.1132,0.03128
M,234.0,1.0,70.1599,0.03128
M,235.0,1.0,70.2064,0.03127
M,236.0,1.0,70.2529,0.03127
M,237.0,1.0,70.2994,0.03126
M,238.0,1.0,70.3457,0.03126
M,239.0,1.0,70.392,0.03126
M,240.0,1.0,70.4382,0.03125
M,241.0,1.0,70.4843,0.03125
M,242.0,1.0,70.5304,0.03125
M,243.0,1.0,70.5764,0.03124
M,244.0,1.0,70.6224,0.03124
M,245.0,1.0,70.6683,0.03123
M,246.0,1.0,70.7141,0.03123
M,247.0,1.0,70.7598,0.03123
M,248.0,1.0,70.8055,0.03122
M,249.0,1.0,70.8511,0.03122
M,250.0,1.0,70.8967,0.03122
M,251.0,1.0,70.9422,0.03122
M,252.0,1.0,70.9876,0.03121
M,253.0,1.0,71.033,0.03121
M,254.0,1.0,71.0783,0.03121
M,255.0,1.0,71.1235,0.03121
M,256.0,1.0,71.1687,0.0312
M,257.0,1.0,71.2138,0.0312
M,258.0,1.0,71.2589,0.0312
M,259.0,1.0,71.3039,0.0312
M,260.0,1.0,71.3488,0.03119
M,261.0,1.0,71.3937,0.03119
M,262.0,1.0,71.4385,0.03119
M,263.0,1.0,71.4832,0.03119
M,264.0,1.0,71.5279,0.03119
M,265.0,1.0,71.5725,0.03118
M,266.0,1.0,71.6171,0.03118
M,267.0,1.0,71.6616,0.03118
M,268.0,1.0,71.706,0.03118
M,269.0,1.0,71.7504,0.03118
M,270.0,1.0,71.7947,0.03118
M,271.0,1.0,71.839,0.03118
M,272.0,1.0,71.8832,0.03118
M,273.0,1.0,71.9273,0.03117
M,274.0,1.0,71.9714,0.03117
M,275.0,1.0,72.0154,0.03117
M,276.0,1.0,72.0594,0.03117
M,277.0,1.0,72.1033,0.03117
M,278.0,1.0,72.1472,0.03117
M,279.0,1.0,72.1909,0.03117
M,280.0,1.0,72.2347,0.03117
M,281.0,1.0,72.2783,0.03117
M,282.0,1.0,72.3219,0.03117
M,283.0,1.0,72.3655,0.03117
M,284.0,1.0,72.4089,0.03117
M,285.0,1.0,72.4523,0.03117
M,286.0,1.0,72.4957,0.03117
M,287.0,1.0,72.539,0.03117
M,288.0,1.0,72.5822,0.03117
M,289.0,1.0,72.6253,0.03117
M,290.0,1.0,72.6684,0.03117
M,291.0,1.0,72.7115,0.03117
M,292.0,1.0,72.7544,0.03117
M,293.0,1.0,72.7974,0.03117
M,294.0,1.0,72.8402,0.03117
M,295.0,1.0,72.883,0.03117
M,296.0,1.0,72.9257,0.03117
M,297.0,1.0,72.9684,0.03117
M,298.0,1.0,73.011,0.03117
M,299.0,1.0,73.0535,0.03118
M,300.0,1.0,73.096,0.03118
M,301.0,1.0,73.1384,0.03118
M,302.0,1.0,73.1808,0.03118
M,303.0,1.0,73.2231,0.03118
M,304.0,1.0,73.2653,0.03118
M,305.0,1.0,73.3075,0.03118
M,306.0,1.0,73.3497,0.03118
M,307.0,1.0,73.3917,0.03119
M,308.0,1.0,73.4337,0.03119
M,309.0,1.0,73.4757,0.03119
M,310.0,1.0,73.5176,0.03119
M,311.0,1.0,73.5594,0.03119
M,312.0,1.0,73.6012,0.03119
M,313.0,1.0,73.6429,0.0312
M,314.0,1.0,73.6845,0.0312
M,315.0,1.0,73.7261,0.0312
M,316.0,1.0,73.7677,0.0312
M,317.0,1.0,73.8091,0.0312
M,318.0,1.0,73.8506,0.03121
M,319.0,1.0,73.8919,0.03121
M,320.0,1.0,73.9333,0.03121
M,321.0,1.0,73.9745,0.03121
M,322.0,1.0,74.0157,0.03122
M,323.0,1.0,74.0569,0.03122
M,324.0,1.0,74.0979,0.03122
M,325.0,1.0,74.139,0.03122
M,326.0,1.0,74.18,0.03123
M,327.0,1.0,74.2209,0.03123
M,328.0,1.0,74.2618,0.03123
M,329.0,1.0,74.3026,0.03124
M,330.0,1.0,74.3433,0.03124
M,331.0,1.0,74.3841,0.03124
M,332.0,1.0,74.4247,0.03124
M,333.0,1.0,74.4653,0.03125
M,334.0,1.0,74.5059,0.03125
M,335.0,1.0,74.5464,0.03125
M,336.0,1.0,74.5868,0.03126
M,337.0,1.0,74.6272,0.03126
M,338.0,1.0,74.6676,0.03126
M,339.0,1.0,74.7079,0.03127
M,340.0,1.0,74.7481,0.03127
M,341.0,1.0,74.7883,0.03127
M,342.0,1.0,74.8285,0.03128
M,343.0,1.0,74.8686,0.03128
M,344.0,1.0,74.9086,0.03128
M,345.0,1.0,74.9486,0.03129
M,346.0,1.0,74.9886,0.03129
M,347.0,1.0,75.0285,0.0313
M,348.0,1.0,75.0683,0.0313
M,349.0,1.0,75.1081,0.0313
M,350.0,1.0,75.1479,0.03131
M,351.0,1.0,75.1876,0.03131
M,352.0,1.0,75.2273,0.03132
M,353.0,1.0,75.2669,0.03132
M,354.0,1.0,75.3065,0.03132
M,355.0,1.0,75.346,0.03133
M,356.0,1.0,75.3855,0.03133
M,357.0,1.0,75.425,0.03134
M,358.0,1.0,75.4644,0.03134
M,359.0,1.0,75.5037,0.03135
M,360.0,1.0,75.5431,0.03135
M,361.0,1.0,75.5824,0.03136
M,362.0,1.0,75.6216,0.03136
M,363.0,1.0,75.6608,0.03136
M,364.0,1.0,75.6999,0.03137
M,365.0,1.0,75.7391,0.03137
M,366.0,1.0,75.7781,0.03138
M,367.0,1.0,75.8172,0.03138
M,368.0,1.0,75.8562,0.03139
M,369.0,1.0,75.8951,0.03139
M,370.0,1.0,75.934,0.0314
M,371.0,1.0,75.9729,0.0314
M,372.0,1.0,76.0117,0.03141
M,373.0,1.0,76.0505,0.03141
M,374.0,1.0,76.0892,0.03142
M,375.0,1.0,76.1279,0.03142
M,376.0,1.0,76.1665,0.03143
M,377.0,1.0,76.2051,0.03143
M,378.0,1.0,76.2437,0.03144
M,379.0,1.0,76.2822,0.03144
M,380.0,1.0,76.3207,0.03145
M,381.0,1.0,76.3591,0.03146
M,382.0,1.0,76.3975,0.03146
M,383.0,1.0,76.4358,0.03147
M,384.0,1.0,76.4741,0.03147
M,385.0,1.0,76.5124,0.03148
M,386.0,1.0,76.5506,0.03148
M,387.0,1.0,76.5888,0.03149
M,388.0,1.0,76.6269,0.03149
M,389.0,1.0,76.665,0.0315
M,390.0,1.0,76.703,0.03151
M,391.0,1.0,76.741,0.03151
M,392.0,1.0,76.779,0.03152
M,393.0,1.0,76.8169,0.03152
M,394.0,1.0,76.8548,0.03153
M,395.0,1.0,76.8926,0.03154
M,396.0,1.0,76.9304,0.03154
M,397.0,1.0,76.9682,0.03155
M,398.0,1.0,77.0059,0.03155
M,399.0,1.0,77.0435,0.03156
M,400.0,1.0,77.0812,0.03157
M,401.0,1.0,77.1187,0.03157
M,402.0,1.0,77.1563,0.03158
M,403.0,1.0,77.1938,0.03159
M,404.0,1.0,77.2313,0.03159
M,405.0,1.0,77.2687,0.0316
M,406.0,1.0,77.306,0.0316
M,407.0,1.0,77.3434,0.03161
M,408.0,1.0,77.3807,0.03162
M,409.0,1.0,77.4179,0.03162
M,410.0,1.0,77.4551,0.03163
M,411.0,1.0,77.4923,0.03164
M,412.0,1.0,77.5295,0.03164
M,413.0,1.0,77.5665,0.03165
M,414.0,1.0,77.6036,0.03166
M,415.0,1.0,77.6406,0.03166
M,416.0,1.0,77.6776,0.03167
M,417.0,1.0,77.7145,0.03168
M,418.0,1.0,77.7514,0.03168
M,419.0,1.0,77.7883,0.03169
M,420.0,1.0,77.8251,0.0317
M,421.0,1.0,77.8618,0.0317
M,422.0,1.0,77.8986,0.03171
M,423.0,1.0,77.9353,0.03172
M,424.0,1.0,77.9719,0.03172
M,425.0,1.0,78.0085,0.03173
M,426.0,1.0,78.0451,0.03174
M,427.0,1.0,78.0817,0.03175
M,428.0,1.0,78.1182,0.03175
M,429.0,1.0,78.1546,0.03176
M,430.0,1.0,78.1911,0.03177
M,431.0,1.0,78.2275,0.03177
M,432.0,1.0,78.2638,0.03178
M,433.0,1.0,78.3001,0.03179
M,434.0,1.0,78.3364,0.0318
M,435.0,1.0,78.3727,0.0318
M,436.0,1.0,78.4089,0.03181
M,437.0,1.0,78.4451,0.03182
M,438.0,1.0,78.4812,0.03183
M,439.0,1.0,78.5173,0.03183
M,440.0,1.0,78.5534,0.03184
M,441.0,1.0,78.5894,0.03185
M,442.0,1.0,78.6254,0.03186
M,443.0,1.0,78.6614,0.03186
M,444.0,1.0,78.6973,0.03187
M,445.0,1.0,78.7332,0.03188
M,446.0,1.0,78.7691,0.03189
M,447.0,1.0,78.8049,0.03189
M,448.0,1.0,78.8407,0.0319
M,449.0,1.0,78.8764,0.03191
M,450.0,1.0,78.9122,0.03192
M,451.0,1.0,78.9479,0.03192
M,452.0,1.0,78.9835,0.03193
M,453.0,1.0,79.0191,0.03194
M,454.0,1.0,79.0547,0.03195
M,455.0,1.0,79.0903,0.03196
M,456.0,1.0,79.1258,0.03196
M,457.0,1.0,79.1613,0.03197
M,458.0,1.0,79.1968,0.03198
M,459.0,1.0,79.2322,0.03199
M,460.0,1.0,79.2676,0.032
M,461.0,1.0,79.303,0.032
M,462.0,1.0,79.3383,0.03201
M,463.0,1.0,79.3736,0.03202
M,464.0,1.0,79.4089,0.03203
M,465.0,1.0,79.4441,0.03204
M,466.0,1.0,79.4793,0.03204
M,467.0,1.0,79.5145,0.03205
M,468.0,1.0,79.5496,0.03206
M,469.0,1.0,79.5847,0.03207
M,470.0,1.0,79.6198,0.03208
M,471.0,1.0,79.6548,0.03209
M,472.0,1.0,79.6898,0.03209
M,473.0,1.0,79.7248,0.0321
M,474.0,1.0,79.7598,0.03211
M,475.0,1.0,79.7947,0.03212
M,476.0,1.0,79.8296,0.03213
M,477.0,1.0,79.8644,0.03214
M,478.0,1.0,79.8993,0.03214
M,479.0,1.0,79.9341,0.03215
M,480.0,1.0,79.9688,0.03216
M,481.0,1.0,80.0036,0.03217
M,482.0,1.0,80.0383,0.03218
M,483.0,1.0,80.0729,0.03219
M,484.0,1.0,80.1076,0.0322
M,485.0,1.0,80.1422,0.0322
M,486.0,1.0,80.1768,0.03221
M,487.0,1.0,80.2113,0.03222
M,488.0,1.0,80.2459,0.03223
M,489.0,1.0,80.2804,0.03224
M,490.0,1.0,80.3148,0.03225
M,491.0,1.0,80.3493,0.03226
M,492.0,1.0,80.3837,0.03226
M,493.0,1.0,80.4181,0.03227
M,494.0,1.0,80.4524,0.03228
M,495.0,1.0,80.4867,0.03229
M,496.0,1.0,80.521,0.0323
M,497.0,1.0,80.5553,0.03231
M,498.0,1.0,80.5895,0.03232
M,499.0,1.0,80.6237,0.03233
M,500.0,1.0,80.6578,0.03234
M,501.0,1.0,80.692,0.03234
M,502.0,1.0,80.7261,0.03235
M,503.0,1.0,80.7602,0.03236
M,504.0,1.0,80.7942,0.03237
M,505.0,1.0,80.8282,0.03238
M,506.0,1.0,80.8622,0.03239
M,507.0,1.0,80.8961,0.0324
M,508.0,1.0,80.9301,0.03241
M,509.0,1.0,80.964,0.03242
M,510.0,1.0,80.9978,0.03243
M,511.0,1.0,81.0317,0.03244
M,512.0,1.0,81.0655,0.03245
M,513.0,1.0,81.0992,0.03245
M,514.0,1.0,81.133,0.03246
M,515.0,1.0,81.1667,0.03247
M,516.0,1.0,81.2004,0.03248
M,517.0,1.0,81.234,0.03249
M,518.0,1.0,81.2677,0.0325
M,519.0,1.0,81.3013,0.03251
M,520.0,1.0,81.3348,0.03252
M,521.0,1.0,81.3684,0.03253
M,522.0,1.0,81.4019,0.03254
M,523.0,1.0,81.4353,0.03255
M,524.0,1.0,81.4688,0.03256
M,525.0,1.0,81.5022,0.03257
M,526.0,1.0,81.5356,0.03258
M,527.0,1.0,81.569,0.03259
M,528.0,1.0,81.6023,0.0326
M,529.0,1.0,81.6356,0.03261
M,530.0,1.0,81.6689,0.03261
M,531.0,1.0,81.7021,0.03262
M,532.0,1.0,81.7353,0.03263
M,533.0,1.0,81.7685,0.03264
M,534.0,1.0,81.8017,0.03265
M,535.0,1.0,81.8348,0.03266
M,536.0,1.0,81.8679,0.03267
M,537.0,1.0,81.9009,0.03268
M,538.0,1.0,81.934,0.03269
M,539.0,1.0,81.967,0.0327
M,540.0,1.0,82.0,0.03271
M,541.0,1.0,82.0329,0.03272
M,542.0,1.0,82.0659,0.03273
M,543.0,1.0,82.0987,0.03274
M,544.0,1.0,82.1316,0.03275
M,545.0,1.0,82.1644,0.03276
M,546.0,1.0,82.1973,0.03277
M,547.0,1.0,82.23,0.03278
M,548.0,1.0,82.2628,0.03279
M,549.0,1.0,82.2955,0.0328
M,550.0,1.0,82.3282,0.03281
M,551.0,1.0,82.3609,0.03282
M,552.0,1.0,82.3935,0.03283
M,553.0,1.0,82.4261,0.03284
M,554.0,1.0,82.4587,0.03285
M,555.0,1.0,82.4912,0.03286
M,556.0,1.0,82.5237,0.03287
M,557.0,1.0,82.5562,0.03288
M,558.0,1.0,82.5887,0.03289
M,559.0,1.0,82.6211,0.0329
M,560.0,1.0,82.6535,0.03291
M,561.0,1.0,82.6859,0.03292
M,562.0,1.0,82.7182,0.03293
M,563.0,1.0,82.7505,0.03294
M,564.0,1.0,82.7828,0.03295
M,565.0,1.0,82.8151,0.03296
M,566.0,1.0,82.8473,0.03297
M,567.0,1.0,82.8795,0.03298
M,568.0,1.0,82.9117,0.03299
M,569.0,1.0,82.9438,0.033
M,570.0,1.0,82.9759,0.03301
M,571.0,1.0,83.008,0.03302
M,572.0,1.0,83.04,0.03303
M,573.0,1.0,83.0721,0.03304
M,574.0,1.0,83.1041,0.03305
M,575.0,1.0,83.136,0.03306
M,576.0,1.0,83.168,0.03308
M,577.0,1.0,83.1999,0.03309
M,578.0,1.0,83.2318,0.0331
M,579.0,1.0,83.2637,0.03311
M,580.0,1.0,83.2955,0.03312
M,581.0,1.0,83.3273,0.03313
M,582.0,1.0,83.3591,0.03314
M,583.0,1.0,83.3908,0.03315
M,584.0,1.0,83.4226,0.03316
M,585.0,1.0,83.4543,0.03317
M,586.0,1.0,83.4859,0.03318
M,587.0,1.0,83.5176,0.03319
M,588.0,1.0,83.5492,0.0332
M,589.0,1.0,83.5808,0.03321
M,590.0,1.0,83.6124,0.03322
M,591.0,1.0,83.6439,0.03323
M,592.0,1.0,83.6754,0.03324
M,593.0,1.0,83.7069,0.03325
M,594.0,1.0,83.7384,0.03326
M,595.0,1.0,83.7698,0.03327
M,596.0,1.0,83.8012,0.03329
M,597.0,1.0,83.8326,0.0333
M,598.0,1.0,83.864,0.03331
M,599.0,1.0,83.8953,0.03332
M,600.0,1.0,83.9267,0.03333
M,601.0,1.0,83.9579,0.03334
M,602.0,1.0,83.9892,0.03335
M,603.0,1.0,84.0205,0.03336
M,604.0,1.0,84.0517,0.03337
M,605.0,1.0,84.0829,0.03338
M,606.0,1.0,84.114,0.03339
M,607.0,1.0,84.1452,0.0334
M,608.0,1.0,84.1763,0.03341
M,609.0,1.0,84.2074,0.03342
M,610.0,1.0,84.2385,0.03344
M,611.0,1.0,84.2695,0.03345
M,612.0,1.0,84.3006,0.03346
M,613.0,1.0,84.3316,0.03347
M,614.0,1.0,84.3626,0.03348
M,615.0,1.0,84.3935,0.03349
M,616.0,1.0,84.4245,0.0335
M,617.0,1.0,84.4554,0.03351
M,618.0,1.0,84.4862,0.03352
M,619.0,1.0,84.5171,0.03353
M,620.0,1.0,84.5479,0.03354
M,621.0,1.0,84.5787,0.03356
M,622.0,1.0,84.6095,0.03357
M,623.0,1.0,84.6403,0.03358
M,624.0,1.0,84.671,0.03359
M,625.0,1.0,84.7017,0.0336
M,626.0,1.0,84.7324,0.03361
M,627.0,1.0,84.7631,0.03362
M,628.0,1.0,84.7937,0.03363
M,629.0,1.0,84.8243,0.03364
M,630.0,1.0,84.8549,0.03365
M,631.0,1.0,84.8855,0.03367
M,632.0,1.0,84.916,0.03368
M,633.0,1.0,84.9465,0.03369
M,634.0,1.0,84.977,0.0337
M,635.0,1.0,85.0075,0.03371
M,636.0,1.0,85.0379,0.03372
M,637.0,1.0,85.0683,0.03373
M,638.0,1.0,85.0987,0.03374
M,639.0,1.0,85.1291,0.03375
M,640.0,1.0,85.1594,0.03377
M,641.0,1.0,85.1897,0.03378
M,642.0,1.0,85.22,0.03379
M,643.0,1.0,85.2503,0.0338
M,644.0,1.0,85.2805,0.03381
M,645.0,1.0,85.3108,0.03382
M,646.0,1.0,85.341,0.03383
M,647.0,1.0,85.3711,0.03384
M,648.0,1.0,85.4013,0.03385
M,649.0,1.0,85.4314,0.03387
M,650.0,1.0,85.4615,0.03388
M,651.0,1.0,85.4916,0.03389
M,652.0,1.0,85.5217,0.0339
M,653.0,1.0,85.5517,0.03391
M,654.0,1.0,85.5817,0.03392
M,655.0,1.0,85.6117,0.03393
M,656.0,1.0,85.6417,0.03394
M,657.0,1.0,85.6716,0.03396
M,658.0,1.0,85.7015,0.03397
M,659.0,1.0,85.7314,0.03398
M,660.0,1.0,85.7613,0.03399
M,661.0,1.0,85.7912,0.034
M,662.0,1.0,85.821,0.03401
M,663.0,1.0,85.8508,0.03402
M,664.0,1.0,85.8806,0.03404
M,665.0,1.0,85.9104,0.03405
M,666.0,1.0,85.9401,0.03406
M,667.0,1.0,85.9698,0.03407
M,668.0,1.0,85.9995,0.03408
M,669.0,1.0,86.0292,0.03409
M,670.0,1.0,86.0589,0.0341
M,671.0,1.0,86.0885,0.03411
M,672.0,1.0,86.1181,0.03413
M,673.0,1.0,86.1477,0.03414
M,674.0,1.0,86.1773,0.03415
M,675.0,1.0,86.2068,0.03416
M,676.0,1.0,86.2363,0.03417
M,677.0,1.0,86.2659,0.03418
M,678.0,1.0,86.2954,0.03419
M,679.0,1.0,86.3248,0.03421
M,680.0,1.0,86.3543,0.03422
M,681.0,1.0,86.3837,0.03423
M,682.0,1.0,86.4131,0.03424
M,683.0,1.0,86.4425,0.03425
M,684.0,1.0,86.4719,0.03426
M,685.0,1.0,86.5012,0.03427
M,686.0,1.0,86.5306,0.03429
M,687.0,1.0,86.5599,0.0343
M,688.0,1.0,86.5892,0.03431
M,689.0,1.0,86.6184,0.03432
M,690.0,1.0,86.6477,0.03433
M,691.0,1.0,86.6769,0.03434
M,692.0,1.0,86.7061,0.03435
M,693.0,1.0,86.7353,0.03437
M,694.0,1.0,86.7645,0.03438
M,695.0,1.0,86.7937,0.03439
M,696.0,1.0,86.8228,0.0344
M,697.0,1.0,86.8519,0.03441
M,698.0,1.0,86.881,0.03442
M,699.0,1.0,86.9101,0.03443
M,700.0,1.0,86.9392,0.03445
M,701.0,1.0,86.9682,0.03446
M,702.0,1.0,86.9972,0.03447
M,703.0,1.0,87.0262,0.03448
M,704.0,1.0,87.0552,0.03449
M,705.0,1.0,87.0842,0.0345
M,706.0,1.0,87.1131,0.03451
M,707.0,1.0,87.142,0.03453
M,708.0,1.0,87.1709,0.03454
M,709.0,1.0,87.1998,0.03455
M,710.0,1.0,87.2287,0.03456
M,711.0,1.0,87.2575,0.03457
M,712.0,1.0,87.2863,0.03458
M,713.0,1.0,87.3151,0.03459
M,714.0,1.0,87.3439,0.03461
M,715.0,1.0,87.3727,0.03462
M,716.0,1.0,87.4014,0.03463
M,717.0,1.0,87.4302,0.03464
M,718.0,1.0,87.4589,0.03465
M,719.0,1.0,87.4876,0.03466
M,720.0,1.0,87.5162,0.03467
M,721.0,1.0,87.5449,0.03469
M,722.0,1.0,87.5735,0.0347
M,723.0,1.0,87.6021,0.03471
M,724.0,1.0,87.6307,0.03472
M,725.0,1.0,87.6593,0.03473
M,726.0,1.0,87.6878,0.03474
M,727.0,1.0,87.7164,0.03475
M,728.0,1.0,87.7449,0.03477
M,729.0,1.0,87.7734,0.03478
M,730.0,1.0,87.8018,0.03479
