evaluation,model,metric,mean,std,n_seeds,mean_std
grouped,B0_haz_only,auprc,0.16264,0.04640908316267409,5,0.1626 ± 0.0464
grouped,B1_haz_slope,auprc,0.1797,0.043623617456602565,5,0.1797 ± 0.0436
grouped,B2_logreg,auprc,0.16218,0.04034113285469312,5,0.1622 ± 0.0403
grouped,M1_snapshot,auprc,0.2291,0.05457760529741115,5,0.2291 ± 0.0546
grouped,M2_plus_trajectory,auprc,0.27348,0.09471685172132782,5,0.2735 ± 0.0947
grouped,M3_plus_contextual,auprc,0.22679999999999997,0.055571305545218205,5,0.2268 ± 0.0556
temporal,B0_haz_only,auprc,0.18528,0.023162296950000445,5,0.1853 ± 0.0232
temporal,B1_haz_slope,auprc,0.2213,0.0512832818762606,5,0.2213 ± 0.0513
temporal,B2_logreg,auprc,0.16162,0.011907434652350597,5,0.1616 ± 0.0119
temporal,M1_snapshot,auprc,0.22372,0.030283196660854682,5,0.2237 ± 0.0303
temporal,M2_plus_trajectory,auprc,0.29764,0.031140536283114972,5,0.2976 ± 0.0311
temporal,M3_plus_contextual,auprc,0.2979,0.05057138518965047,5,0.2979 ± 0.0506
grouped,B0_haz_only,roc_auc,0.6013,0.05116893588887694,5,0.6013 ± 0.0512
grouped,B1_haz_slope,roc_auc,0.6467,0.03856319488839068,5,0.6467 ± 0.0386
grouped,B2_logreg,roc_auc,0.6278,0.03835316153852248,5,0.6278 ± 0.0384
grouped,M1_snapshot,roc_auc,0.62942,0.04177310139312139,5,0.6294 ± 0.0418
grouped,M2_plus_trajectory,roc_auc,0.74474,0.0542149702573007,5,0.7447 ± 0.0542
grouped,M3_plus_contextual,roc_auc,0.72202,0.06236218405412048,5,0.7220 ± 0.0624
temporal,B0_haz_only,roc_auc,0.61772,0.025947774471040914,5,0.6177 ± 0.0259
temporal,B1_haz_slope,roc_auc,0.65412,0.04491733518364595,5,0.6541 ± 0.0449
temporal,B2_logreg,roc_auc,0.5725,0.02799821422876822,5,0.5725 ± 0.0280
temporal,M1_snapshot,roc_auc,0.62962,0.0396827670406185,5,0.6296 ± 0.0397
temporal,M2_plus_trajectory,roc_auc,0.73228,0.03147533955337098,5,0.7323 ± 0.0315
temporal,M3_plus_contextual,roc_auc,0.73078,0.03353545884582466,5,0.7308 ± 0.0335
grouped,B0_haz_only,recall@5%,0.06876,0.06509034490613796,5,0.0688 ± 0.0651
grouped,B1_haz_slope,recall@5%,0.06106,0.05210166024226099,5,0.0611 ± 0.0521
grouped,B2_logreg,recall@5%,0.06844,0.04978627320858633,5,0.0684 ± 0.0498
grouped,M1_snapshot,recall@5%,0.1871,0.055660578509390296,5,0.1871 ± 0.0557
grouped,M2_plus_trajectory,recall@5%,0.1531,0.0859827017486657,5,0.1531 ± 0.0860
grouped,M3_plus_contextual,recall@5%,0.13146,0.025007059003409417,5,0.1315 ± 0.0250
temporal,B0_haz_only,recall@5%,0.0689,0.012497399729543744,5,0.0689 ± 0.0125
temporal,B1_haz_slope,recall@5%,0.09426,0.033220972291611216,5,0.0943 ± 0.0332
temporal,B2_logreg,recall@5%,0.0573,0.017939620954747063,5,0.0573 ± 0.0179
temporal,M1_snapshot,recall@5%,0.13772,0.026761483516427115,5,0.1377 ± 0.0268
temporal,M2_plus_trajectory,recall@5%,0.16263999999999998,0.007150034964949472,5,0.1626 ± 0.0072
temporal,M3_plus_contextual,recall@5%,0.14632,0.03062951191253298,5,0.1463 ± 0.0306
grouped,B0_haz_only,precision@5%,0.13332,0.1263768649714021,5,0.1333 ± 0.1264
grouped,B1_haz_slope,precision@5%,0.11665999999999999,0.0950248546434037,5,0.1167 ± 0.0950
grouped,B2_logreg,precision@5%,0.15,0.1086597671633802,5,0.1500 ± 0.1087
grouped,M1_snapshot,precision@5%,0.38332,0.12637686497140213,5,0.3833 ± 0.1264
grouped,M2_plus_trajectory,precision@5%,0.31667999999999996,0.19896398417804162,5,0.3167 ± 0.1990
grouped,M3_plus_contextual,precision@5%,0.26666,0.03725289250514648,5,0.2667 ± 0.0373
temporal,B0_haz_only,precision@5%,0.1842,0.030908898395122397,5,0.1842 ± 0.0309
temporal,B1_haz_slope,precision@5%,0.25514000000000003,0.10054522862871217,5,0.2551 ± 0.1005
temporal,B2_logreg,precision@5%,0.15388,0.05093762852744521,5,0.1539 ± 0.0509
temporal,M1_snapshot,precision@5%,0.36826,0.06890760480527532,5,0.3683 ± 0.0689
temporal,M2_plus_trajectory,precision@5%,0.43592000000000003,0.030260898863054254,5,0.4359 ± 0.0303
temporal,M3_plus_contextual,precision@5%,0.39086,0.07491036643883141,5,0.3909 ± 0.0749
grouped,B0_haz_only,lift@5%,1.3754,1.3016849849329908,5,1.3754 ± 1.3017
grouped,B1_haz_slope,lift@5%,1.221,1.0421415450887657,5,1.2210 ± 1.0421
grouped,B2_logreg,lift@5%,1.3687999999999998,0.9957254641717264,5,1.3688 ± 0.9957
grouped,M1_snapshot,lift@5%,3.7415999999999996,1.1129255590559504,5,3.7416 ± 1.1129
grouped,M2_plus_trajectory,lift@5%,3.0620000000000003,1.7194808809637867,5,3.0620 ± 1.7195
grouped,M3_plus_contextual,lift@5%,2.6294,0.4997122171810493,5,2.6294 ± 0.4997
temporal,B0_haz_only,lift@5%,1.3798,0.2567931073841352,5,1.3798 ± 0.2568
temporal,B1_haz_slope,lift@5%,1.8872,0.6672628417647727,5,1.8872 ± 0.6673
temporal,B2_logreg,lift@5%,1.1456,0.3571467485502284,5,1.1456 ± 0.3571
temporal,M1_snapshot,lift@5%,2.7538,0.5274411815548725,5,2.7538 ± 0.5274
temporal,M2_plus_trajectory,lift@5%,3.2542,0.1420095067240217,5,3.2542 ± 0.1420
temporal,M3_plus_contextual,lift@5%,2.9276,0.6142990314171103,5,2.9276 ± 0.6143
grouped,B0_haz_only,recall@10%,0.11434,0.049616458962727275,5,0.1143 ± 0.0496
grouped,B1_haz_slope,recall@10%,0.13634,0.0391197264816614,5,0.1363 ± 0.0391
grouped,B2_logreg,recall@10%,0.16226000000000002,0.03352645224296779,5,0.1623 ± 0.0335
grouped,M1_snapshot,recall@10%,0.23923999999999998,0.07281392723923083,5,0.2392 ± 0.0728
grouped,M2_plus_trajectory,recall@10%,0.25872,0.1033953432220233,5,0.2587 ± 0.1034
grouped,M3_plus_contextual,recall@10%,0.26666,0.02234609585587604,5,0.2667 ± 0.0223
temporal,B0_haz_only,recall@10%,0.13698000000000002,0.02223818787581398,5,0.1370 ± 0.0222
temporal,B1_haz_slope,recall@10%,0.16794,0.05118347389538931,5,0.1679 ± 0.0512
temporal,B2_logreg,recall@10%,0.13613999999999998,0.018980068493027094,5,0.1361 ± 0.0190
temporal,M1_snapshot,recall@10%,0.21996000000000002,0.027679468925541184,5,0.2200 ± 0.0277
temporal,M2_plus_trajectory,recall@10%,0.25732,0.051506378245805666,5,0.2573 ± 0.0515
temporal,M3_plus_contextual,recall@10%,0.26238,0.027950169945816075,5,0.2624 ± 0.0280
grouped,B0_haz_only,precision@10%,0.11667999999999998,0.054335642077737514,5,0.1167 ± 0.0543
grouped,B1_haz_slope,precision@10%,0.14165999999999998,0.04751024100128309,5,0.1417 ± 0.0475
grouped,B2_logreg,precision@10%,0.16666,0.041650006002400534,5,0.1667 ± 0.0417
grouped,M1_snapshot,precision@10%,0.24165999999999999,0.061783679074655304,5,0.2417 ± 0.0618
grouped,M2_plus_trajectory,precision@10%,0.275,0.13370261777541978,5,0.2750 ± 0.1337
grouped,M3_plus_contextual,precision@10%,0.275,0.047514629326134906,5,0.2750 ± 0.0475
temporal,B0_haz_only,precision@10%,0.18392,0.03492938590928848,5,0.1839 ± 0.0349
temporal,B1_haz_slope,precision@10%,0.22676,0.07810238792764278,5,0.2268 ± 0.0781
temporal,B2_logreg,precision@10%,0.18236,0.026430058645413566,5,0.1824 ± 0.0264
temporal,M1_snapshot,precision@10%,0.29510000000000003,0.04303039623336045,5,0.2951 ± 0.0430
temporal,M2_plus_trajectory,precision@10%,0.34398,0.06501370624722143,5,0.3440 ± 0.0650
temporal,M3_plus_contextual,precision@10%,0.35136,0.0394411967364075,5,0.3514 ± 0.0394
grouped,B0_haz_only,lift@10%,1.1434000000000002,0.4961645896272728,5,1.1434 ± 0.4962
grouped,B1_haz_slope,lift@10%,1.3634,0.391197264816614,5,1.3634 ± 0.3912
grouped,B2_logreg,lift@10%,1.6225999999999998,0.33526452242967797,5,1.6226 ± 0.3353
grouped,M1_snapshot,lift@10%,2.3924,0.7281392723923081,5,2.3924 ± 0.7281
grouped,M2_plus_trajectory,lift@10%,2.5872,1.0339534322202328,5,2.5872 ± 1.0340
grouped,M3_plus_contextual,lift@10%,2.6666,0.2234609585587603,5,2.6666 ± 0.2235
temporal,B0_haz_only,lift@10%,1.3699999999999999,0.22037014316826134,5,1.3700 ± 0.2204
temporal,B1_haz_slope,lift@10%,1.6792000000000002,0.5076078210587383,5,1.6792 ± 0.5076
temporal,B2_logreg,lift@10%,1.362,0.19023275217480295,5,1.3620 ± 0.1902
temporal,M1_snapshot,lift@10%,2.2006,0.27861676187910867,5,2.2006 ± 0.2786
temporal,M2_plus_trajectory,lift@10%,2.5745999999999998,0.5180654398818745,5,2.5746 ± 0.5181
temporal,M3_plus_contextual,lift@10%,2.625,0.28109962646720105,5,2.6250 ± 0.2811
grouped,B0_haz_only,recall@20%,0.20962,0.10021268382794662,5,0.2096 ± 0.1002
grouped,B1_haz_slope,recall@20%,0.29892,0.09674407992223608,5,0.2989 ± 0.0967
grouped,B2_logreg,recall@20%,0.27405999999999997,0.03635227640739986,5,0.2741 ± 0.0364
grouped,M1_snapshot,recall@20%,0.41244,0.0655307027278054,5,0.4124 ± 0.0655
grouped,M2_plus_trajectory,recall@20%,0.4821,0.09938510954866428,5,0.4821 ± 0.0994
grouped,M3_plus_contextual,recall@20%,0.45896,0.08202699555634106,5,0.4590 ± 0.0820
temporal,B0_haz_only,recall@20%,0.24934000000000003,0.040277326127735935,5,0.2493 ± 0.0403
temporal,B1_haz_slope,recall@20%,0.30802,0.08388937358211707,5,0.3080 ± 0.0839
temporal,B2_logreg,recall@20%,0.24068,0.03396456977498758,5,0.2407 ± 0.0340
temporal,M1_snapshot,recall@20%,0.35372,0.04746395474462703,5,0.3537 ± 0.0475
temporal,M2_plus_trajectory,recall@20%,0.43582,0.03445833716243427,5,0.4358 ± 0.0345
temporal,M3_plus_contextual,recall@20%,0.44489999999999996,0.054998499979544875,5,0.4449 ± 0.0550
grouped,B0_haz_only,precision@20%,0.10418000000000001,0.04658848570194141,5,0.1042 ± 0.0466
grouped,B1_haz_slope,precision@20%,0.15,0.040056397741184864,5,0.1500 ± 0.0401
grouped,B2_logreg,precision@20%,0.14166,0.030888476815796536,5,0.1417 ± 0.0309
grouped,M1_snapshot,precision@20%,0.2125,0.047481733329776406,5,0.2125 ± 0.0475
grouped,M2_plus_trajectory,precision@20%,0.25,0.06908378970496624,5,0.2500 ± 0.0691
grouped,M3_plus_contextual,precision@20%,0.2375,0.060005791387165296,5,0.2375 ± 0.0600
temporal,B0_haz_only,precision@20%,0.16804000000000002,0.0364656413627952,5,0.1680 ± 0.0365
temporal,B1_haz_slope,precision@20%,0.20822000000000002,0.0663686447051618,5,0.2082 ± 0.0664
temporal,B2_logreg,precision@20%,0.16084,0.020424935740412986,5,0.1608 ± 0.0204
temporal,M1_snapshot,precision@20%,0.23769999999999997,0.03962467665483216,5,0.2377 ± 0.0396
temporal,M2_plus_trajectory,precision@20%,0.29134000000000004,0.016118405628349222,5,0.2913 ± 0.0161
temporal,M3_plus_contextual,precision@20%,0.29786,0.03748750458486135,5,0.2979 ± 0.0375
grouped,B0_haz_only,lift@20%,1.0482,0.5009867263710687,5,1.0482 ± 0.5010
grouped,B1_haz_slope,lift@20%,1.4944,0.4836075888569161,5,1.4944 ± 0.4836
grouped,B2_logreg,lift@20%,1.3704,0.18196510654518352,5,1.3704 ± 0.1820
grouped,M1_snapshot,lift@20%,2.0620000000000003,0.3277216806987295,5,2.0620 ± 0.3277
grouped,M2_plus_trajectory,lift@20%,2.4104,0.49694798520569533,5,2.4104 ± 0.4969
grouped,M3_plus_contextual,lift@20%,2.2948,0.41013497778170543,5,2.2948 ± 0.4101
temporal,B0_haz_only,lift@20%,1.2471999999999999,0.20171688080078978,5,1.2472 ± 0.2017
temporal,B1_haz_slope,lift@20%,1.5404,0.41863325238208204,5,1.5404 ± 0.4186
temporal,B2_logreg,lift@20%,1.204,0.17042300314218153,5,1.2040 ± 0.1704
temporal,M1_snapshot,lift@20%,1.7692,0.23676824111354128,5,1.7692 ± 0.2368
temporal,M2_plus_trajectory,lift@20%,2.1798,0.17376046731060557,5,2.1798 ± 0.1738
temporal,M3_plus_contextual,lift@20%,2.2256,0.27598061526128953,5,2.2256 ± 0.2760
grouped,B0_haz_only,precision,0.10418000000000001,0.04658848570194141,5,0.1042 ± 0.0466
grouped,B1_haz_slope,precision,0.15,0.040056397741184864,5,0.1500 ± 0.0401
grouped,B2_logreg,precision,0.14166,0.030888476815796536,5,0.1417 ± 0.0309
grouped,M1_snapshot,precision,0.2125,0.047481733329776406,5,0.2125 ± 0.0475
grouped,M2_plus_trajectory,precision,0.25,0.06908378970496624,5,0.2500 ± 0.0691
grouped,M3_plus_contextual,precision,0.2375,0.060005791387165296,5,0.2375 ± 0.0600
temporal,B0_haz_only,precision,0.16804000000000002,0.0364656413627952,5,0.1680 ± 0.0365
temporal,B1_haz_slope,precision,0.20822000000000002,0.0663686447051618,5,0.2082 ± 0.0664
temporal,B2_logreg,precision,0.16084,0.020424935740412986,5,0.1608 ± 0.0204
temporal,M1_snapshot,precision,0.23769999999999997,0.03962467665483216,5,0.2377 ± 0.0396
temporal,M2_plus_trajectory,precision,0.29134000000000004,0.016118405628349222,5,0.2913 ± 0.0161
temporal,M3_plus_contextual,precision,0.29786,0.03748750458486135,5,0.2979 ± 0.0375
grouped,B0_haz_only,recall,0.20962,0.10021268382794662,5,0.2096 ± 0.1002
grouped,B1_haz_slope,recall,0.29892,0.09674407992223608,5,0.2989 ± 0.0967
grouped,B2_logreg,recall,0.27405999999999997,0.03635227640739986,5,0.2741 ± 0.0364
grouped,M1_snapshot,recall,0.41244,0.0655307027278054,5,0.4124 ± 0.0655
grouped,M2_plus_trajectory,recall,0.4821,0.09938510954866428,5,0.4821 ± 0.0994
grouped,M3_plus_contextual,recall,0.45896,0.08202699555634106,5,0.4590 ± 0.0820
temporal,B0_haz_only,recall,0.24934000000000003,0.040277326127735935,5,0.2493 ± 0.0403
temporal,B1_haz_slope,recall,0.30802,0.08388937358211707,5,0.3080 ± 0.0839
temporal,B2_logreg,recall,0.24068,0.03396456977498758,5,0.2407 ± 0.0340
temporal,M1_snapshot,recall,0.35372,0.04746395474462703,5,0.3537 ± 0.0475
temporal,M2_plus_trajectory,recall,0.43582,0.03445833716243427,5,0.4358 ± 0.0345
temporal,M3_plus_contextual,recall,0.44489999999999996,0.054998499979544875,5,0.4449 ± 0.0550
grouped,B0_haz_only,f1,0.13844,0.06251642184258469,5,0.1384 ± 0.0625
grouped,B1_haz_slope,f1,0.19864,0.05453772089114103,5,0.1986 ± 0.0545
grouped,B2_logreg,f1,0.18586,0.033860714700076844,5,0.1859 ± 0.0339
grouped,M1_snapshot,f1,0.27902,0.05302340992429666,5,0.2790 ± 0.0530
grouped,M2_plus_trajectory,f1,0.32774000000000003,0.08183805960554048,5,0.3277 ± 0.0818
grouped,M3_plus_contextual,f1,0.31152,0.06944157256283875,5,0.3115 ± 0.0694
temporal,B0_haz_only,f1,0.20066,0.03887277967935918,5,0.2007 ± 0.0389
temporal,B1_haz_slope,f1,0.24834,0.07432081135186833,5,0.2483 ± 0.0743
temporal,B2_logreg,f1,0.19276,0.02525456394396862,5,0.1928 ± 0.0253
temporal,M1_snapshot,f1,0.28418,0.04324773982533653,5,0.2842 ± 0.0432
temporal,M2_plus_trajectory,f1,0.34904,0.021130026029326135,5,0.3490 ± 0.0211
temporal,M3_plus_contextual,f1,0.35662000000000005,0.04333603581316594,5,0.3566 ± 0.0433
grouped,B2_logreg,raw_brier,0.2041,0.012664319958055396,5,0.2041 ± 0.0127
grouped,M1_snapshot,raw_brier,0.09481999999999999,0.010909491280531829,5,0.0948 ± 0.0109
grouped,M2_plus_trajectory,raw_brier,0.09418,0.009916501399183084,5,0.0942 ± 0.0099
grouped,M3_plus_contextual,raw_brier,0.09387999999999999,0.010693783240743195,5,0.0939 ± 0.0107
temporal,B2_logreg,raw_brier,0.24134000000000003,0.020631359625579698,5,0.2413 ± 0.0206
temporal,M1_snapshot,raw_brier,0.11761999999999999,0.005011686342938875,5,0.1176 ± 0.0050
temporal,M2_plus_trajectory,raw_brier,0.11642000000000001,0.00536069025406244,5,0.1164 ± 0.0054
temporal,M3_plus_contextual,raw_brier,0.11668,0.004540594674709468,5,0.1167 ± 0.0045
