generator_seed,random_seed,evaluation,model,n,n_positive,prevalence,auprc,roc_auc,recall@5%,precision@5%,lift@5%,recall@10%,precision@10%,lift@10%,recall@20%,precision@20%,lift@20%,precision,recall,f1,tp,fp,fn,tn,operating_point,n_flagged,raw_brier,score_type
42,42,grouped,B0_haz_only,240,26,0.1083,0.1358,0.5835,0.0,0.0,0.0,0.1538,0.1667,1.538,0.2308,0.125,1.154,0.125,0.2308,0.1622,6,42,20,172,top-20%,48,,ranking
42,42,grouped,B1_haz_slope,240,26,0.1083,0.1464,0.6111,0.0385,0.0833,0.769,0.1154,0.125,1.154,0.2308,0.125,1.154,0.125,0.2308,0.1622,6,42,20,172,top-20%,48,,ranking
42,42,grouped,B2_logreg,240,26,0.1083,0.1615,0.6213,0.1154,0.25,2.308,0.1923,0.2083,1.923,0.2692,0.1458,1.346,0.1458,0.2692,0.1892,7,41,19,173,top-20%,48,0.222,probability
42,42,grouped,M1_snapshot,240,26,0.1083,0.2108,0.6005,0.1154,0.25,2.308,0.1923,0.2083,1.923,0.3077,0.1667,1.538,0.1667,0.3077,0.2162,8,40,18,174,top-20%,48,0.0991,probability
42,42,grouped,M2_plus_trajectory,240,26,0.1083,0.1761,0.6857,0.1154,0.25,2.308,0.1538,0.1667,1.538,0.3462,0.1875,1.731,0.1875,0.3462,0.2432,9,39,17,175,top-20%,48,0.0981,probability
42,42,grouped,M3_plus_contextual,240,26,0.1083,0.1875,0.658,0.1154,0.25,2.308,0.2692,0.2917,2.692,0.3462,0.1875,1.731,0.1875,0.3462,0.2432,9,39,17,175,top-20%,48,0.0984,probability
42,42,temporal,B0_haz_only,1063,140,0.1317,0.1697,0.598,0.0714,0.1887,1.433,0.1429,0.1887,1.433,0.2357,0.1549,1.176,0.1549,0.2357,0.187,33,180,107,743,top-20%,213,,ranking
42,42,temporal,B1_haz_slope,1063,140,0.1317,0.1962,0.6369,0.0857,0.2264,1.719,0.1643,0.217,1.648,0.2929,0.1925,1.462,0.1925,0.2929,0.2323,41,172,99,751,top-20%,213,,ranking
42,42,temporal,B2_logreg,1063,140,0.1317,0.1541,0.5593,0.05,0.1321,1.003,0.1214,0.1604,1.218,0.2571,0.169,1.283,0.169,0.2571,0.204,36,177,104,746,top-20%,213,0.2461,probability
42,42,temporal,M1_snapshot,1063,140,0.1317,0.2539,0.6758,0.15,0.3962,3.008,0.25,0.3302,2.507,0.4,0.2629,1.996,0.2629,0.4,0.3173,56,157,84,766,top-20%,213,0.1207,probability
42,42,temporal,M2_plus_trajectory,1063,140,0.1317,0.3149,0.7424,0.1714,0.4528,3.438,0.2929,0.3868,2.937,0.4429,0.2911,2.21,0.2911,0.4429,0.3513,62,151,78,772,top-20%,213,0.1215,probability
42,42,temporal,M3_plus_contextual,1063,140,0.1317,0.3285,0.7509,0.1643,0.434,3.295,0.2786,0.3679,2.794,0.4714,0.3099,2.353,0.3099,0.4714,0.3739,66,147,74,776,top-20%,213,0.121,probability
314,314,grouped,B0_haz_only,240,25,0.1042,0.2399,0.6773,0.16,0.3333,3.2,0.16,0.1667,1.6,0.32,0.1667,1.6,0.1667,0.32,0.2192,8,40,17,175,top-20%,48,,ranking
314,314,grouped,B1_haz_slope,240,25,0.1042,0.2551,0.6973,0.12,0.25,2.4,0.2,0.2083,2.0,0.4,0.2083,2.0,0.2083,0.4,0.274,10,38,15,177,top-20%,48,,ranking
314,314,grouped,B2_logreg,240,25,0.1042,0.1975,0.6618,0.08,0.1667,1.6,0.16,0.1667,1.6,0.24,0.125,1.2,0.125,0.24,0.1644,6,42,19,173,top-20%,48,0.1982,probability
314,314,grouped,M1_snapshot,240,25,0.1042,0.172,0.6128,0.16,0.3333,3.2,0.16,0.1667,1.6,0.4,0.2083,2.0,0.2083,0.4,0.274,10,38,15,177,top-20%,48,0.0956,probability
314,314,grouped,M2_plus_trajectory,240,25,0.1042,0.3077,0.8149,0.08,0.1667,1.6,0.28,0.2917,2.8,0.6,0.3125,3.0,0.3125,0.6,0.411,15,33,10,182,top-20%,48,0.0952,probability
314,314,grouped,M3_plus_contextual,240,25,0.1042,0.2597,0.7776,0.12,0.25,2.4,0.24,0.25,2.4,0.52,0.2708,2.6,0.2708,0.52,0.3562,13,35,12,180,top-20%,48,0.0943,probability
314,314,temporal,B0_haz_only,1062,134,0.1262,0.1821,0.6302,0.0821,0.2075,1.645,0.1418,0.1792,1.421,0.2313,0.1462,1.159,0.1462,0.2313,0.1792,31,181,103,747,top-20%,212,,ranking
314,314,temporal,B1_haz_slope,1062,134,0.1262,0.1821,0.6302,0.0821,0.2075,1.645,0.1418,0.1792,1.421,0.2313,0.1462,1.159,0.1462,0.2313,0.1792,31,181,103,747,top-20%,212,,ranking
314,314,temporal,B2_logreg,1062,134,0.1262,0.16,0.6007,0.0746,0.1887,1.495,0.1493,0.1887,1.495,0.2463,0.1557,1.234,0.1557,0.2463,0.1908,33,179,101,749,top-20%,212,0.2403,probability
314,314,temporal,M1_snapshot,1062,134,0.1262,0.2141,0.6454,0.1567,0.3962,3.14,0.2015,0.2547,2.019,0.2985,0.1887,1.495,0.1887,0.2985,0.2312,40,172,94,756,top-20%,212,0.1108,probability
314,314,temporal,M2_plus_trajectory,1062,134,0.1262,0.3339,0.7799,0.1642,0.4151,3.29,0.3134,0.3962,3.14,0.4925,0.3113,2.467,0.3113,0.4925,0.3815,66,146,68,782,top-20%,212,0.1083,probability
314,314,temporal,M3_plus_contextual,1062,134,0.1262,0.3493,0.7784,0.1866,0.4717,3.738,0.291,0.3679,2.916,0.5075,0.3208,2.542,0.3208,0.5075,0.3931,68,144,66,784,top-20%,212,0.1101,probability
1618,1618,grouped,B0_haz_only,240,28,0.1167,0.1206,0.5409,0.0357,0.0833,0.714,0.0357,0.0417,0.357,0.0714,0.0417,0.357,0.0417,0.0714,0.0526,2,46,26,166,top-20%,48,,ranking
1618,1618,grouped,B1_haz_slope,240,28,0.1167,0.1536,0.6181,0.0357,0.0833,0.714,0.1071,0.125,1.071,0.1786,0.1042,0.893,0.1042,0.1786,0.1316,5,43,23,169,top-20%,48,,ranking
1618,1618,grouped,B2_logreg,240,28,0.1167,0.1564,0.6294,0.0357,0.0833,0.714,0.1071,0.125,1.071,0.25,0.1458,1.25,0.1458,0.25,0.1842,7,41,21,171,top-20%,48,0.2127,probability
1618,1618,grouped,M1_snapshot,240,28,0.1167,0.2467,0.6884,0.1786,0.4167,3.571,0.2143,0.25,2.143,0.4286,0.25,2.143,0.25,0.4286,0.3158,12,36,16,176,top-20%,48,0.103,probability
1618,1618,grouped,M2_plus_trajectory,240,28,0.1167,0.2594,0.7551,0.1071,0.25,2.143,0.2857,0.3333,2.857,0.4643,0.2708,2.321,0.2708,0.4643,0.3421,13,35,15,177,top-20%,48,0.1014,probability
1618,1618,grouped,M3_plus_contextual,240,28,0.1167,0.246,0.7394,0.1071,0.25,2.143,0.25,0.2917,2.5,0.4286,0.25,2.143,0.25,0.4286,0.3158,12,36,16,176,top-20%,48,0.102,probability
1618,1618,temporal,B0_haz_only,1069,143,0.1338,0.1729,0.6001,0.0769,0.2075,1.552,0.1399,0.1869,1.397,0.2378,0.1589,1.188,0.1589,0.2378,0.1905,34,180,109,746,top-20%,214,,ranking
1618,1618,temporal,B1_haz_slope,1069,143,0.1338,0.2618,0.6832,0.1189,0.3208,2.398,0.2028,0.271,2.026,0.3706,0.2477,1.851,0.2477,0.3706,0.2969,53,161,90,765,top-20%,214,,ranking
1618,1618,temporal,B2_logreg,1069,143,0.1338,0.1481,0.5565,0.035,0.0943,0.705,0.1119,0.1495,1.118,0.2028,0.1355,1.013,0.1355,0.2028,0.1625,29,185,114,741,top-20%,214,0.262,probability
1618,1618,temporal,M1_snapshot,1069,143,0.1338,0.1789,0.5676,0.0909,0.2453,1.834,0.1818,0.243,1.816,0.3077,0.2056,1.537,0.2056,0.3077,0.2465,44,170,99,756,top-20%,214,0.1173,probability
1618,1618,temporal,M2_plus_trajectory,1069,143,0.1338,0.2596,0.6984,0.1538,0.4151,3.103,0.1818,0.243,1.816,0.4056,0.271,2.026,0.271,0.4056,0.3249,58,156,85,770,top-20%,214,0.117,probability
1618,1618,temporal,M3_plus_contextual,1069,143,0.1338,0.2408,0.6965,0.1119,0.3019,2.257,0.2238,0.2991,2.236,0.3706,0.2477,1.851,0.2477,0.3706,0.2969,53,161,90,765,top-20%,214,0.1167,probability
2026,2026,grouped,B0_haz_only,240,18,0.075,0.1663,0.5833,0.1111,0.1667,2.222,0.1111,0.0833,1.111,0.2778,0.1042,1.389,0.1042,0.2778,0.1515,5,43,13,179,top-20%,48,,ranking
2026,2026,grouped,B1_haz_slope,240,18,0.075,0.1696,0.6289,0.1111,0.1667,2.222,0.1111,0.0833,1.111,0.3889,0.1458,1.944,0.1458,0.3889,0.2121,7,41,11,181,top-20%,48,,ranking
2026,2026,grouped,B2_logreg,240,18,0.075,0.0987,0.5671,0.0,0.0,0.0,0.1667,0.125,1.667,0.2778,0.1042,1.389,0.1042,0.2778,0.1515,5,43,13,179,top-20%,48,0.1935,probability
2026,2026,grouped,M1_snapshot,240,18,0.075,0.2017,0.5888,0.2222,0.3333,4.444,0.3333,0.25,3.333,0.4444,0.1667,2.222,0.1667,0.4444,0.2424,8,40,10,182,top-20%,48,0.0759,probability
2026,2026,grouped,M2_plus_trajectory,240,18,0.075,0.2071,0.6952,0.1667,0.25,3.333,0.1667,0.125,1.667,0.4444,0.1667,2.222,0.1667,0.4444,0.2424,8,40,10,182,top-20%,48,0.0769,probability
2026,2026,grouped,M3_plus_contextual,240,18,0.075,0.1523,0.6542,0.1667,0.25,3.333,0.2778,0.2083,2.778,0.4444,0.1667,2.222,0.1667,0.4444,0.2424,8,40,10,182,top-20%,48,0.0754,probability
2026,2026,temporal,B0_haz_only,1052,140,0.1331,0.1758,0.6025,0.05,0.1321,0.992,0.1,0.1333,1.002,0.2214,0.1476,1.109,0.1476,0.2214,0.1771,31,179,109,733,top-20%,210,,ranking
2026,2026,temporal,B1_haz_slope,1052,140,0.1331,0.1765,0.6041,0.05,0.1321,0.992,0.1,0.1333,1.002,0.2286,0.1524,1.145,0.1524,0.2286,0.1829,32,178,108,734,top-20%,210,,ranking
2026,2026,temporal,B2_logreg,1052,140,0.1331,0.1788,0.6039,0.05,0.1321,0.992,0.1571,0.2095,1.574,0.2857,0.1905,1.431,0.1905,0.2857,0.2286,40,170,100,742,top-20%,210,0.2073,probability
2026,2026,temporal,M1_snapshot,1052,140,0.1331,0.2224,0.6237,0.15,0.3962,2.977,0.2357,0.3143,2.362,0.3714,0.2476,1.861,0.2476,0.3714,0.2971,52,158,88,754,top-20%,210,0.1154,probability
2026,2026,temporal,M2_plus_trajectory,1052,140,0.1331,0.2712,0.7114,0.1571,0.4151,3.119,0.2357,0.3143,2.362,0.4214,0.281,2.111,0.281,0.4214,0.3371,59,151,81,761,top-20%,210,0.1145,probability
2026,2026,temporal,M3_plus_contextual,1052,140,0.1331,0.2462,0.7073,0.1214,0.3208,2.41,0.2429,0.3238,2.433,0.4071,0.2714,2.04,0.2714,0.4071,0.3257,57,153,83,759,top-20%,210,0.1148,probability
2718,2718,grouped,B0_haz_only,240,27,0.1125,0.1506,0.6215,0.037,0.0833,0.741,0.1111,0.125,1.111,0.1481,0.0833,0.741,0.0833,0.1481,0.1067,4,44,23,169,top-20%,48,,ranking
2718,2718,grouped,B1_haz_slope,240,27,0.1125,0.1738,0.6781,0.0,0.0,0.0,0.1481,0.1667,1.481,0.2963,0.1667,1.481,0.1667,0.2963,0.2133,8,40,19,173,top-20%,48,,ranking
2718,2718,grouped,B2_logreg,240,27,0.1125,0.1968,0.6594,0.1111,0.25,2.222,0.1852,0.2083,1.852,0.3333,0.1875,1.667,0.1875,0.3333,0.24,9,39,18,174,top-20%,48,0.1941,probability
2718,2718,grouped,M1_snapshot,240,27,0.1125,0.3143,0.6566,0.2593,0.5833,5.185,0.2963,0.3333,2.963,0.4815,0.2708,2.407,0.2708,0.4815,0.3467,13,35,14,178,top-20%,48,0.1005,probability
2718,2718,grouped,M2_plus_trajectory,240,27,0.1125,0.4171,0.7728,0.2963,0.6667,5.926,0.4074,0.4583,4.074,0.5556,0.3125,2.778,0.3125,0.5556,0.4,15,33,12,180,top-20%,48,0.0993,probability
2718,2718,grouped,M3_plus_contextual,240,27,0.1125,0.2885,0.7809,0.1481,0.3333,2.963,0.2963,0.3333,2.963,0.5556,0.3125,2.778,0.3125,0.5556,0.4,15,33,12,180,top-20%,48,0.0993,probability
2718,2718,temporal,B0_haz_only,1076,156,0.145,0.2259,0.6578,0.0641,0.1852,1.277,0.1603,0.2315,1.597,0.3205,0.2326,1.604,0.2326,0.3205,0.2695,50,165,106,755,top-20%,215,,ranking
2718,2718,temporal,B1_haz_slope,1076,156,0.145,0.2899,0.7162,0.1346,0.3889,2.682,0.2308,0.3333,2.299,0.4167,0.3023,2.085,0.3023,0.4167,0.3504,65,150,91,770,top-20%,215,,ranking
2718,2718,temporal,B2_logreg,1076,156,0.145,0.1671,0.5421,0.0769,0.2222,1.533,0.141,0.2037,1.405,0.2115,0.1535,1.059,0.1535,0.2115,0.1779,33,182,123,738,top-20%,215,0.251,probability
2718,2718,temporal,M1_snapshot,1076,156,0.145,0.2493,0.6356,0.141,0.4074,2.81,0.2308,0.3333,2.299,0.391,0.2837,1.957,0.2837,0.391,0.3288,61,154,95,766,top-20%,215,0.1239,probability
2718,2718,temporal,M2_plus_trajectory,1076,156,0.145,0.3086,0.7293,0.1667,0.4815,3.321,0.2628,0.3796,2.618,0.4167,0.3023,2.085,0.3023,0.4167,0.3504,65,150,91,770,top-20%,215,0.1208,probability
2718,2718,temporal,M3_plus_contextual,1076,156,0.145,0.3247,0.7208,0.1474,0.4259,2.938,0.2756,0.3981,2.746,0.4679,0.3395,2.342,0.3395,0.4679,0.3935,73,142,83,778,top-20%,215,0.1208,probability
