evaluation,scenario,perturbation_kind,perturbation_level,metric,mean,std,n_seeds,mean_std
grouped,baseline,none,0.0,auprc,0.27348,0.09471685172132782,5,0.2735 ± 0.0947
grouped,length_noise_sigma_0_5cm,length_noise_cm,0.5,auprc,0.29358,0.1211674543761649,5,0.2936 ± 0.1212
grouped,length_noise_sigma_1_0cm,length_noise_cm,1.0,auprc,0.21604,0.02186122137484546,5,0.2160 ± 0.0219
grouped,length_noise_sigma_2_0cm,length_noise_cm,2.0,auprc,0.15356,0.04320009259249336,5,0.1536 ± 0.0432
grouped,length_missing_plus_10pct,length_missing_fraction,0.1,auprc,0.27524,0.08225942499191202,5,0.2752 ± 0.0823
grouped,length_missing_plus_20pct,length_missing_fraction,0.2,auprc,0.2391,0.09227908755509019,5,0.2391 ± 0.0923
grouped,length_missing_plus_30pct,length_missing_fraction,0.3,auprc,0.24472,0.06958715398692492,5,0.2447 ± 0.0696
grouped,current_measurement_missing,current_measurement_missing,1.0,auprc,0.14645999999999998,0.0363364555233446,5,0.1465 ± 0.0363
temporal,baseline,none,0.0,auprc,0.29764,0.031140536283114972,5,0.2976 ± 0.0311
temporal,length_noise_sigma_0_5cm,length_noise_cm,0.5,auprc,0.26361999999999997,0.03657276308949051,5,0.2636 ± 0.0366
temporal,length_noise_sigma_1_0cm,length_noise_cm,1.0,auprc,0.22624,0.034881556731315745,5,0.2262 ± 0.0349
temporal,length_noise_sigma_2_0cm,length_noise_cm,2.0,auprc,0.18604,0.013899748199158138,5,0.1860 ± 0.0139
temporal,length_missing_plus_10pct,length_missing_fraction,0.1,auprc,0.29324,0.03457662505219386,5,0.2932 ± 0.0346
temporal,length_missing_plus_20pct,length_missing_fraction,0.2,auprc,0.27430000000000004,0.041010852222308165,5,0.2743 ± 0.0410
temporal,length_missing_plus_30pct,length_missing_fraction,0.3,auprc,0.24769999999999998,0.03663516070662171,5,0.2477 ± 0.0366
temporal,current_measurement_missing,current_measurement_missing,1.0,auprc,0.20168,0.02932314785284827,5,0.2017 ± 0.0293
grouped,baseline,none,0.0,recall@5%,0.1531,0.0859827017486657,5,0.1531 ± 0.0860
grouped,length_noise_sigma_0_5cm,length_noise_cm,0.5,recall@5%,0.19158,0.09287403835302953,5,0.1916 ± 0.0929
grouped,length_noise_sigma_1_0cm,length_noise_cm,1.0,recall@5%,0.1351,0.061641706660344825,5,0.1351 ± 0.0616
grouped,length_noise_sigma_2_0cm,length_noise_cm,2.0,recall@5%,0.06018,0.04301263767778024,5,0.0602 ± 0.0430
grouped,length_missing_plus_10pct,length_missing_fraction,0.1,recall@5%,0.17248,0.06593069846437241,5,0.1725 ± 0.0659
grouped,length_missing_plus_20pct,length_missing_fraction,0.2,recall@5%,0.16482000000000002,0.07547116667973273,5,0.1648 ± 0.0755
grouped,length_missing_plus_30pct,length_missing_fraction,0.3,recall@5%,0.13168,0.07381149639453194,5,0.1317 ± 0.0738
grouped,current_measurement_missing,current_measurement_missing,1.0,recall@5%,0.0984,0.06837645793692446,5,0.0984 ± 0.0684
temporal,baseline,none,0.0,recall@5%,0.16263999999999998,0.007150034964949472,5,0.1626 ± 0.0072
temporal,length_noise_sigma_0_5cm,length_noise_cm,0.5,recall@5%,0.13706000000000002,0.023721361680982815,5,0.1371 ± 0.0237
temporal,length_noise_sigma_1_0cm,length_noise_cm,1.0,recall@5%,0.11168,0.014126818467015136,5,0.1117 ± 0.0141
temporal,length_noise_sigma_2_0cm,length_noise_cm,2.0,recall@5%,0.09668,0.01160870363132766,5,0.0967 ± 0.0116
temporal,length_missing_plus_10pct,length_missing_fraction,0.1,recall@5%,0.16368,0.014870339606074916,5,0.1637 ± 0.0149
temporal,length_missing_plus_20pct,length_missing_fraction,0.2,recall@5%,0.13816,0.024545936527254373,5,0.1382 ± 0.0245
temporal,length_missing_plus_30pct,length_missing_fraction,0.3,recall@5%,0.13182,0.036813747432175394,5,0.1318 ± 0.0368
temporal,current_measurement_missing,current_measurement_missing,1.0,recall@5%,0.09,0.03667846779787836,5,0.0900 ± 0.0367
grouped,baseline,none,0.0,recall@10%,0.25872,0.1033953432220233,5,0.2587 ± 0.1034
grouped,length_noise_sigma_0_5cm,length_noise_cm,0.5,recall@10%,0.286,0.11875641035329418,5,0.2860 ± 0.1188
grouped,length_noise_sigma_1_0cm,length_noise_cm,1.0,recall@10%,0.24387999999999996,0.03202088381041346,5,0.2439 ± 0.0320
grouped,length_noise_sigma_2_0cm,length_noise_cm,2.0,recall@10%,0.16999999999999998,0.025603710668573018,5,0.1700 ± 0.0256
grouped,length_missing_plus_10pct,length_missing_fraction,0.1,recall@10%,0.26298000000000005,0.06829327931795337,5,0.2630 ± 0.0683
grouped,length_missing_plus_20pct,length_missing_fraction,0.2,recall@10%,0.25098000000000004,0.09297511495018439,5,0.2510 ± 0.0930
grouped,length_missing_plus_30pct,length_missing_fraction,0.3,recall@10%,0.22147999999999998,0.10165361282315546,5,0.2215 ± 0.1017
grouped,current_measurement_missing,current_measurement_missing,1.0,recall@10%,0.13692,0.08516646640550493,5,0.1369 ± 0.0852
temporal,baseline,none,0.0,recall@10%,0.25732,0.051506378245805666,5,0.2573 ± 0.0515
temporal,length_noise_sigma_0_5cm,length_noise_cm,0.5,recall@10%,0.22749999999999998,0.03154877176690084,5,0.2275 ± 0.0315
temporal,length_noise_sigma_1_0cm,length_noise_cm,1.0,recall@10%,0.19382000000000002,0.031866942118753724,5,0.1938 ± 0.0319
temporal,length_noise_sigma_2_0cm,length_noise_cm,2.0,recall@10%,0.1541,0.015627859738300706,5,0.1541 ± 0.0156
temporal,length_missing_plus_10pct,length_missing_fraction,0.1,recall@10%,0.24972000000000003,0.03367368408713249,5,0.2497 ± 0.0337
temporal,length_missing_plus_20pct,length_missing_fraction,0.2,recall@10%,0.22416,0.04931666047087941,5,0.2242 ± 0.0493
temporal,length_missing_plus_30pct,length_missing_fraction,0.3,recall@10%,0.21064,0.0481614264738909,5,0.2106 ± 0.0482
temporal,current_measurement_missing,current_measurement_missing,1.0,recall@10%,0.15998,0.06275111154394,5,0.1600 ± 0.0628
grouped,baseline,none,0.0,recall@20%,0.4821,0.09938510954866428,5,0.4821 ± 0.0994
grouped,length_noise_sigma_0_5cm,length_noise_cm,0.5,recall@20%,0.51594,0.0801653790610386,5,0.5159 ± 0.0802
grouped,length_noise_sigma_1_0cm,length_noise_cm,1.0,recall@20%,0.42132,0.06107206399001102,5,0.4213 ± 0.0611
grouped,length_noise_sigma_2_0cm,length_noise_cm,2.0,recall@20%,0.32134,0.1352903839894026,5,0.3213 ± 0.1353
grouped,length_missing_plus_10pct,length_missing_fraction,0.1,recall@20%,0.45586000000000004,0.09752598628058062,5,0.4559 ± 0.0975
grouped,length_missing_plus_20pct,length_missing_fraction,0.2,recall@20%,0.41050000000000003,0.10947351277820584,5,0.4105 ± 0.1095
grouped,length_missing_plus_30pct,length_missing_fraction,0.3,recall@20%,0.48086,0.11573749608489027,5,0.4809 ± 0.1157
grouped,current_measurement_missing,current_measurement_missing,1.0,recall@20%,0.25274,0.13150894646372924,5,0.2527 ± 0.1315
temporal,baseline,none,0.0,recall@20%,0.43582,0.03445833716243427,5,0.4358 ± 0.0345
temporal,length_noise_sigma_0_5cm,length_noise_cm,0.5,recall@20%,0.40415999999999996,0.0405371804643589,5,0.4042 ± 0.0405
temporal,length_noise_sigma_1_0cm,length_noise_cm,1.0,recall@20%,0.33877999999999997,0.048328325027875735,5,0.3388 ± 0.0483
temporal,length_noise_sigma_2_0cm,length_noise_cm,2.0,recall@20%,0.28018,0.04476289758270794,5,0.2802 ± 0.0448
temporal,length_missing_plus_10pct,length_missing_fraction,0.1,recall@20%,0.42144000000000004,0.04081241232762407,5,0.4214 ± 0.0408
temporal,length_missing_plus_20pct,length_missing_fraction,0.2,recall@20%,0.40284000000000003,0.04799701032356076,5,0.4028 ± 0.0480
temporal,length_missing_plus_30pct,length_missing_fraction,0.3,recall@20%,0.35985999999999996,0.057462013539380935,5,0.3599 ± 0.0575
temporal,current_measurement_missing,current_measurement_missing,1.0,recall@20%,0.30494000000000004,0.07197050090141098,5,0.3049 ± 0.0720
grouped,baseline,none,0.0,precision@5%,0.31667999999999996,0.19896398417804162,5,0.3167 ± 0.1990
grouped,length_noise_sigma_0_5cm,length_noise_cm,0.5,precision@5%,0.4,0.22360679774997896,5,0.4000 ± 0.2236
grouped,length_noise_sigma_1_0cm,length_noise_cm,1.0,precision@5%,0.26666,0.09125057808036066,5,0.2667 ± 0.0913
grouped,length_noise_sigma_2_0cm,length_noise_cm,2.0,precision@5%,0.11667999999999998,0.07455609968339277,5,0.1167 ± 0.0746
grouped,length_missing_plus_10pct,length_missing_fraction,0.1,precision@5%,0.34998,0.13691846844016337,5,0.3500 ± 0.1369
grouped,length_missing_plus_20pct,length_missing_fraction,0.2,precision@5%,0.35,0.19003654911621606,5,0.3500 ± 0.1900
grouped,length_missing_plus_30pct,length_missing_fraction,0.3,precision@5%,0.26666,0.16029573606306563,5,0.2667 ± 0.1603
grouped,current_measurement_missing,current_measurement_missing,1.0,precision@5%,0.21668000000000004,0.1513907758088319,5,0.2167 ± 0.1514
temporal,baseline,none,0.0,precision@5%,0.43592000000000003,0.030260898863054254,5,0.4359 ± 0.0303
temporal,length_noise_sigma_0_5cm,length_noise_cm,0.5,precision@5%,0.36819999999999997,0.07086314274712914,5,0.3682 ± 0.0709
temporal,length_noise_sigma_1_0cm,length_noise_cm,1.0,precision@5%,0.30044,0.05186070766967996,5,0.3004 ± 0.0519
temporal,length_noise_sigma_2_0cm,length_noise_cm,2.0,precision@5%,0.25934,0.035567724132983265,5,0.2593 ± 0.0356
temporal,length_missing_plus_10pct,length_missing_fraction,0.1,precision@5%,0.43948,0.05612955549440954,5,0.4395 ± 0.0561
temporal,length_missing_plus_20pct,length_missing_fraction,0.2,precision@5%,0.3685,0.054790829524656755,5,0.3685 ± 0.0548
temporal,length_missing_plus_30pct,length_missing_fraction,0.3,precision@5%,0.34992,0.08184529308396421,5,0.3499 ± 0.0818
temporal,current_measurement_missing,current_measurement_missing,1.0,precision@5%,0.24074,0.09785948088969203,5,0.2407 ± 0.0979
grouped,baseline,none,0.0,precision@10%,0.275,0.13370261777541978,5,0.2750 ± 0.1337
grouped,length_noise_sigma_0_5cm,length_noise_cm,0.5,precision@10%,0.3,0.14849710434887273,5,0.3000 ± 0.1485
grouped,length_noise_sigma_1_0cm,length_noise_cm,1.0,precision@10%,0.25,0.0417,5,0.2500 ± 0.0417
grouped,length_noise_sigma_2_0cm,length_noise_cm,2.0,precision@10%,0.175,0.03484092421277026,5,0.1750 ± 0.0348
grouped,length_missing_plus_10pct,length_missing_fraction,0.1,precision@10%,0.27502000000000004,0.09593545747011374,5,0.2750 ± 0.0959
grouped,length_missing_plus_20pct,length_missing_fraction,0.2,precision@10%,0.26666,0.12359600721706182,5,0.2667 ± 0.1236
grouped,length_missing_plus_30pct,length_missing_fraction,0.3,precision@10%,0.225,0.10865976716338022,5,0.2250 ± 0.1087
grouped,current_measurement_missing,current_measurement_missing,1.0,precision@10%,0.14998,0.09127111810425027,5,0.1500 ± 0.0913
temporal,baseline,none,0.0,precision@10%,0.34398,0.06501370624722143,5,0.3440 ± 0.0650
temporal,length_noise_sigma_0_5cm,length_noise_cm,0.5,precision@10%,0.30448,0.04183457899871829,5,0.3045 ± 0.0418
temporal,length_noise_sigma_1_0cm,length_noise_cm,1.0,precision@10%,0.26084,0.05430688722436594,5,0.2608 ± 0.0543
temporal,length_noise_sigma_2_0cm,length_noise_cm,2.0,precision@10%,0.20661999999999997,0.02426318198423282,5,0.2066 ± 0.0243
temporal,length_missing_plus_10pct,length_missing_fraction,0.1,precision@10%,0.33449999999999996,0.047370085497072945,5,0.3345 ± 0.0474
temporal,length_missing_plus_20pct,length_missing_fraction,0.2,precision@10%,0.29901999999999995,0.05759550329669844,5,0.2990 ± 0.0576
temporal,length_missing_plus_30pct,length_missing_fraction,0.3,precision@10%,0.28028,0.05258590115230506,5,0.2803 ± 0.0526
temporal,current_measurement_missing,current_measurement_missing,1.0,precision@10%,0.21381999999999998,0.08253545904640017,5,0.2138 ± 0.0825
grouped,baseline,none,0.0,precision@20%,0.25,0.06908378970496624,5,0.2500 ± 0.0691
grouped,length_noise_sigma_0_5cm,length_noise_cm,0.5,precision@20%,0.26668000000000003,0.06146476226261678,5,0.2667 ± 0.0615
grouped,length_noise_sigma_1_0cm,length_noise_cm,1.0,precision@20%,0.21666,0.043182438560136926,5,0.2167 ± 0.0432
grouped,length_noise_sigma_2_0cm,length_noise_cm,2.0,precision@20%,0.16668,0.07793338180779787,5,0.1667 ± 0.0779
grouped,length_missing_plus_10pct,length_missing_fraction,0.1,precision@20%,0.2375,0.07004958957766991,5,0.2375 ± 0.0700
grouped,length_missing_plus_20pct,length_missing_fraction,0.2,precision@20%,0.21667999999999998,0.07738163218749007,5,0.2167 ± 0.0774
grouped,length_missing_plus_30pct,length_missing_fraction,0.3,precision@20%,0.24584,0.064901640965387,5,0.2458 ± 0.0649
grouped,current_measurement_missing,current_measurement_missing,1.0,precision@20%,0.1375,0.0760025657461641,5,0.1375 ± 0.0760
temporal,baseline,none,0.0,precision@20%,0.29134000000000004,0.016118405628349222,5,0.2913 ± 0.0161
temporal,length_noise_sigma_0_5cm,length_noise_cm,0.5,precision@20%,0.26976,0.016203178700489606,5,0.2698 ± 0.0162
temporal,length_noise_sigma_1_0cm,length_noise_cm,1.0,precision@20%,0.2273,0.037671939159007996,5,0.2273 ± 0.0377
temporal,length_noise_sigma_2_0cm,length_noise_cm,2.0,precision@20%,0.18796,0.031898479587591635,5,0.1880 ± 0.0319
temporal,length_missing_plus_10pct,length_missing_fraction,0.1,precision@20%,0.28186,0.024070375983768922,5,0.2819 ± 0.0241
temporal,length_missing_plus_20pct,length_missing_fraction,0.2,precision@20%,0.26880000000000004,0.021322171559201,5,0.2688 ± 0.0213
temporal,length_missing_plus_30pct,length_missing_fraction,0.3,precision@20%,0.23974,0.0277624386536918,5,0.2397 ± 0.0278
temporal,current_measurement_missing,current_measurement_missing,1.0,precision@20%,0.20371999999999998,0.04578408020262066,5,0.2037 ± 0.0458
grouped,baseline,none,0.0,lift@5%,3.0620000000000003,1.7194808809637867,5,3.0620 ± 1.7195
grouped,length_noise_sigma_0_5cm,length_noise_cm,0.5,lift@5%,3.8316000000000003,1.8575965116246316,5,3.8316 ± 1.8576
grouped,length_noise_sigma_1_0cm,length_noise_cm,1.0,lift@5%,2.7026,1.2327044657986763,5,2.7026 ± 1.2327
grouped,length_noise_sigma_2_0cm,length_noise_cm,2.0,lift@5%,1.2034,0.8601719595522748,5,1.2034 ± 0.8602
grouped,length_missing_plus_10pct,length_missing_fraction,0.1,lift@5%,3.4497999999999998,1.3179661224781158,5,3.4498 ± 1.3180
grouped,length_missing_plus_20pct,length_missing_fraction,0.2,lift@5%,3.2963999999999998,1.5094596052892573,5,3.2964 ± 1.5095
grouped,length_missing_plus_30pct,length_missing_fraction,0.3,lift@5%,2.6336,1.4761864042186543,5,2.6336 ± 1.4762
grouped,current_measurement_missing,current_measurement_missing,1.0,lift@5%,1.9682000000000002,1.3674305101174247,5,1.9682 ± 1.3674
temporal,baseline,none,0.0,lift@5%,3.2542,0.1420095067240217,5,3.2542 ± 0.1420
temporal,length_noise_sigma_0_5cm,length_noise_cm,0.5,lift@5%,2.7422,0.47235389275415113,5,2.7422 ± 0.4724
temporal,length_noise_sigma_1_0cm,length_noise_cm,1.0,lift@5%,2.2346,0.2807566561989226,5,2.2346 ± 0.2808
temporal,length_noise_sigma_2_0cm,length_noise_cm,2.0,lift@5%,1.9342,0.2355688858911549,5,1.9342 ± 0.2356
temporal,length_missing_plus_10pct,length_missing_fraction,0.1,lift@5%,3.275,0.2934510180592325,5,3.2750 ± 0.2935
temporal,length_missing_plus_20pct,length_missing_fraction,0.2,lift@5%,2.7641999999999998,0.4935075480679095,5,2.7642 ± 0.4935
temporal,length_missing_plus_30pct,length_missing_fraction,0.3,lift@5%,2.6382000000000003,0.7410885237270914,5,2.6382 ± 0.7411
temporal,current_measurement_missing,current_measurement_missing,1.0,lift@5%,1.8039999999999998,0.7451214666079619,5,1.8040 ± 0.7451
grouped,baseline,none,0.0,lift@10%,2.5872,1.0339534322202328,5,2.5872 ± 1.0340
grouped,length_noise_sigma_0_5cm,length_noise_cm,0.5,lift@10%,2.8600000000000003,1.187564103532942,5,2.8600 ± 1.1876
grouped,length_noise_sigma_1_0cm,length_noise_cm,1.0,lift@10%,2.4387999999999996,0.3202088381041348,5,2.4388 ± 0.3202
grouped,length_noise_sigma_2_0cm,length_noise_cm,2.0,lift@10%,1.7,0.25603710668573015,5,1.7000 ± 0.2560
grouped,length_missing_plus_10pct,length_missing_fraction,0.1,lift@10%,2.6298000000000004,0.6829327931795339,5,2.6298 ± 0.6829
grouped,length_missing_plus_20pct,length_missing_fraction,0.2,lift@10%,2.5098,0.9297511495018438,5,2.5098 ± 0.9298
grouped,length_missing_plus_30pct,length_missing_fraction,0.3,lift@10%,2.2148,1.0165361282315548,5,2.2148 ± 1.0165
grouped,current_measurement_missing,current_measurement_missing,1.0,lift@10%,1.3692,0.8516646640550494,5,1.3692 ± 0.8517
temporal,baseline,none,0.0,lift@10%,2.5745999999999998,0.5180654398818745,5,2.5746 ± 0.5181
temporal,length_noise_sigma_0_5cm,length_noise_cm,0.5,lift@10%,2.2758,0.318247859380075,5,2.2758 ± 0.3182
temporal,length_noise_sigma_1_0cm,length_noise_cm,1.0,lift@10%,1.9384000000000001,0.31368184518712583,5,1.9384 ± 0.3137
temporal,length_noise_sigma_2_0cm,length_noise_cm,2.0,lift@10%,1.542,0.15604486534327236,5,1.5420 ± 0.1560
temporal,length_missing_plus_10pct,length_missing_fraction,0.1,lift@10%,2.4981999999999998,0.33765914766225424,5,2.4982 ± 0.3377
temporal,length_missing_plus_20pct,length_missing_fraction,0.2,lift@10%,2.2434000000000003,0.4962865099919601,5,2.2434 ± 0.4963
temporal,length_missing_plus_30pct,length_missing_fraction,0.3,lift@10%,2.1079999999999997,0.48542919154084657,5,2.1080 ± 0.4854
temporal,current_measurement_missing,current_measurement_missing,1.0,lift@10%,1.6003999999999998,0.6270078149433228,5,1.6004 ± 0.6270
grouped,baseline,none,0.0,lift@20%,2.4104,0.49694798520569533,5,2.4104 ± 0.4969
grouped,length_noise_sigma_0_5cm,length_noise_cm,0.5,lift@20%,2.5797999999999996,0.40074206168057785,5,2.5798 ± 0.4007
grouped,length_noise_sigma_1_0cm,length_noise_cm,1.0,lift@20%,2.1066,0.3050922811216305,5,2.1066 ± 0.3051
grouped,length_noise_sigma_2_0cm,length_noise_cm,2.0,lift@20%,1.6065999999999998,0.6763858366346829,5,1.6066 ± 0.6764
grouped,length_missing_plus_10pct,length_missing_fraction,0.1,lift@20%,2.2792,0.48771579839082513,5,2.2792 ± 0.4877
grouped,length_missing_plus_20pct,length_missing_fraction,0.2,lift@20%,2.0524,0.5473877053789206,5,2.0524 ± 0.5474
grouped,length_missing_plus_30pct,length_missing_fraction,0.3,lift@20%,2.4042000000000003,0.5787825152853184,5,2.4042 ± 0.5788
grouped,current_measurement_missing,current_measurement_missing,1.0,lift@20%,1.2636,0.6574080163794781,5,1.2636 ± 0.6574
temporal,baseline,none,0.0,lift@20%,2.1798,0.17376046731060557,5,2.1798 ± 0.1738
temporal,length_noise_sigma_0_5cm,length_noise_cm,0.5,lift@20%,2.0212,0.2023998517786016,5,2.0212 ± 0.2024
temporal,length_noise_sigma_1_0cm,length_noise_cm,1.0,lift@20%,1.6946,0.24265366265523378,5,1.6946 ± 0.2427
temporal,length_noise_sigma_2_0cm,length_noise_cm,2.0,lift@20%,1.4012,0.22256504667175395,5,1.4012 ± 0.2226
temporal,length_missing_plus_10pct,length_missing_fraction,0.1,lift@20%,2.1079999999999997,0.2042400548374387,5,2.1080 ± 0.2042
temporal,length_missing_plus_20pct,length_missing_fraction,0.2,lift@20%,2.0148,0.24013163056956913,5,2.0148 ± 0.2401
temporal,length_missing_plus_30pct,length_missing_fraction,0.3,lift@20%,1.8001999999999998,0.28884372937628394,5,1.8002 ± 0.2888
temporal,current_measurement_missing,current_measurement_missing,1.0,lift@20%,1.525,0.3590389950966329,5,1.5250 ± 0.3590
grouped,baseline,none,0.0,n_intended,240.0,0.0,5,240.0000 ± 0.0000
grouped,length_noise_sigma_0_5cm,length_noise_cm,0.5,n_intended,240.0,0.0,5,240.0000 ± 0.0000
grouped,length_noise_sigma_1_0cm,length_noise_cm,1.0,n_intended,240.0,0.0,5,240.0000 ± 0.0000
grouped,length_noise_sigma_2_0cm,length_noise_cm,2.0,n_intended,240.0,0.0,5,240.0000 ± 0.0000
grouped,length_missing_plus_10pct,length_missing_fraction,0.1,n_intended,240.0,0.0,5,240.0000 ± 0.0000
grouped,length_missing_plus_20pct,length_missing_fraction,0.2,n_intended,240.0,0.0,5,240.0000 ± 0.0000
grouped,length_missing_plus_30pct,length_missing_fraction,0.3,n_intended,240.0,0.0,5,240.0000 ± 0.0000
grouped,current_measurement_missing,current_measurement_missing,1.0,n_intended,240.0,0.0,5,240.0000 ± 0.0000
temporal,baseline,none,0.0,n_intended,1064.4,8.905054744357258,5,1064.4000 ± 8.9051
temporal,length_noise_sigma_0_5cm,length_noise_cm,0.5,n_intended,1064.4,8.905054744357258,5,1064.4000 ± 8.9051
temporal,length_noise_sigma_1_0cm,length_noise_cm,1.0,n_intended,1064.4,8.905054744357258,5,1064.4000 ± 8.9051
temporal,length_noise_sigma_2_0cm,length_noise_cm,2.0,n_intended,1064.4,8.905054744357258,5,1064.4000 ± 8.9051
temporal,length_missing_plus_10pct,length_missing_fraction,0.1,n_intended,1064.4,8.905054744357258,5,1064.4000 ± 8.9051
temporal,length_missing_plus_20pct,length_missing_fraction,0.2,n_intended,1064.4,8.905054744357258,5,1064.4000 ± 8.9051
temporal,length_missing_plus_30pct,length_missing_fraction,0.3,n_intended,1064.4,8.905054744357258,5,1064.4000 ± 8.9051
temporal,current_measurement_missing,current_measurement_missing,1.0,n_intended,1064.4,8.905054744357258,5,1064.4000 ± 8.9051
grouped,baseline,none,0.0,n_scored,240.0,0.0,5,240.0000 ± 0.0000
grouped,length_noise_sigma_0_5cm,length_noise_cm,0.5,n_scored,240.0,0.0,5,240.0000 ± 0.0000
grouped,length_noise_sigma_1_0cm,length_noise_cm,1.0,n_scored,240.0,0.0,5,240.0000 ± 0.0000
grouped,length_noise_sigma_2_0cm,length_noise_cm,2.0,n_scored,240.0,0.0,5,240.0000 ± 0.0000
grouped,length_missing_plus_10pct,length_missing_fraction,0.1,n_scored,240.0,0.0,5,240.0000 ± 0.0000
grouped,length_missing_plus_20pct,length_missing_fraction,0.2,n_scored,240.0,0.0,5,240.0000 ± 0.0000
grouped,length_missing_plus_30pct,length_missing_fraction,0.3,n_scored,240.0,0.0,5,240.0000 ± 0.0000
grouped,current_measurement_missing,current_measurement_missing,1.0,n_scored,240.0,0.0,5,240.0000 ± 0.0000
temporal,baseline,none,0.0,n_scored,1064.4,8.905054744357258,5,1064.4000 ± 8.9051
temporal,length_noise_sigma_0_5cm,length_noise_cm,0.5,n_scored,1064.4,8.905054744357258,5,1064.4000 ± 8.9051
temporal,length_noise_sigma_1_0cm,length_noise_cm,1.0,n_scored,1064.4,8.905054744357258,5,1064.4000 ± 8.9051
temporal,length_noise_sigma_2_0cm,length_noise_cm,2.0,n_scored,1064.4,8.905054744357258,5,1064.4000 ± 8.9051
temporal,length_missing_plus_10pct,length_missing_fraction,0.1,n_scored,1064.4,8.905054744357258,5,1064.4000 ± 8.9051
temporal,length_missing_plus_20pct,length_missing_fraction,0.2,n_scored,1064.4,8.905054744357258,5,1064.4000 ± 8.9051
temporal,length_missing_plus_30pct,length_missing_fraction,0.3,n_scored,1064.4,8.905054744357258,5,1064.4000 ± 8.9051
temporal,current_measurement_missing,current_measurement_missing,1.0,n_scored,1064.4,8.905054744357258,5,1064.4000 ± 8.9051
grouped,baseline,none,0.0,coverage,1.0,0.0,5,1.0000 ± 0.0000
grouped,length_noise_sigma_0_5cm,length_noise_cm,0.5,coverage,1.0,0.0,5,1.0000 ± 0.0000
grouped,length_noise_sigma_1_0cm,length_noise_cm,1.0,coverage,1.0,0.0,5,1.0000 ± 0.0000
grouped,length_noise_sigma_2_0cm,length_noise_cm,2.0,coverage,1.0,0.0,5,1.0000 ± 0.0000
grouped,length_missing_plus_10pct,length_missing_fraction,0.1,coverage,1.0,0.0,5,1.0000 ± 0.0000
grouped,length_missing_plus_20pct,length_missing_fraction,0.2,coverage,1.0,0.0,5,1.0000 ± 0.0000
grouped,length_missing_plus_30pct,length_missing_fraction,0.3,coverage,1.0,0.0,5,1.0000 ± 0.0000
grouped,current_measurement_missing,current_measurement_missing,1.0,coverage,1.0,0.0,5,1.0000 ± 0.0000
temporal,baseline,none,0.0,coverage,1.0,0.0,5,1.0000 ± 0.0000
temporal,length_noise_sigma_0_5cm,length_noise_cm,0.5,coverage,1.0,0.0,5,1.0000 ± 0.0000
temporal,length_noise_sigma_1_0cm,length_noise_cm,1.0,coverage,1.0,0.0,5,1.0000 ± 0.0000
temporal,length_noise_sigma_2_0cm,length_noise_cm,2.0,coverage,1.0,0.0,5,1.0000 ± 0.0000
temporal,length_missing_plus_10pct,length_missing_fraction,0.1,coverage,1.0,0.0,5,1.0000 ± 0.0000
temporal,length_missing_plus_20pct,length_missing_fraction,0.2,coverage,1.0,0.0,5,1.0000 ± 0.0000
temporal,length_missing_plus_30pct,length_missing_fraction,0.3,coverage,1.0,0.0,5,1.0000 ± 0.0000
temporal,current_measurement_missing,current_measurement_missing,1.0,coverage,1.0,0.0,5,1.0000 ± 0.0000
grouped,baseline,none,0.0,delta_auprc,0.0,0.0,5,0.0000 ± 0.0000
grouped,length_noise_sigma_0_5cm,length_noise_cm,0.5,delta_auprc,0.020099999999999996,0.06681433229480034,5,0.0201 ± 0.0668
grouped,length_noise_sigma_1_0cm,length_noise_cm,1.0,delta_auprc,-0.057440000000000005,0.09781693616138261,5,-0.0574 ± 0.0978
grouped,length_noise_sigma_2_0cm,length_noise_cm,2.0,delta_auprc,-0.11992,0.08605345431765074,5,-0.1199 ± 0.0861
grouped,length_missing_plus_10pct,length_missing_fraction,0.1,delta_auprc,0.0017599999999999894,0.027069410780436287,5,0.0018 ± 0.0271
grouped,length_missing_plus_20pct,length_missing_fraction,0.2,delta_auprc,-0.03438000000000001,0.03470874529567439,5,-0.0344 ± 0.0347
grouped,length_missing_plus_30pct,length_missing_fraction,0.3,delta_auprc,-0.028760000000000008,0.0597249361657256,5,-0.0288 ± 0.0597
grouped,current_measurement_missing,current_measurement_missing,1.0,delta_auprc,-0.12702,0.09074972176265886,5,-0.1270 ± 0.0907
temporal,baseline,none,0.0,delta_auprc,0.0,0.0,5,0.0000 ± 0.0000
temporal,length_noise_sigma_0_5cm,length_noise_cm,0.5,delta_auprc,-0.03402,0.024412844979641336,5,-0.0340 ± 0.0244
temporal,length_noise_sigma_1_0cm,length_noise_cm,1.0,delta_auprc,-0.07139999999999999,0.03405091775562003,5,-0.0714 ± 0.0341
temporal,length_noise_sigma_2_0cm,length_noise_cm,2.0,delta_auprc,-0.11159999999999999,0.03257698574147092,5,-0.1116 ± 0.0326
temporal,length_missing_plus_10pct,length_missing_fraction,0.1,delta_auprc,-0.0043999999999999925,0.008843924468243726,5,-0.0044 ± 0.0088
temporal,length_missing_plus_20pct,length_missing_fraction,0.2,delta_auprc,-0.023339999999999982,0.01389722993981175,5,-0.0233 ± 0.0139
temporal,length_missing_plus_30pct,length_missing_fraction,0.3,delta_auprc,-0.04993999999999999,0.021063546709896696,5,-0.0499 ± 0.0211
temporal,current_measurement_missing,current_measurement_missing,1.0,delta_auprc,-0.09595999999999998,0.047551792815833986,5,-0.0960 ± 0.0476
grouped,baseline,none,0.0,delta_recall@20%,0.0,0.0,5,0.0000 ± 0.0000
grouped,length_noise_sigma_0_5cm,length_noise_cm,0.5,delta_recall@20%,0.03384000000000002,0.06893876268109256,5,0.0338 ± 0.0689
grouped,length_noise_sigma_1_0cm,length_noise_cm,1.0,delta_recall@20%,-0.06078,0.1081905818451865,5,-0.0608 ± 0.1082
grouped,length_noise_sigma_2_0cm,length_noise_cm,2.0,delta_recall@20%,-0.16075999999999996,0.1230324672596628,5,-0.1608 ± 0.1230
grouped,length_missing_plus_10pct,length_missing_fraction,0.1,delta_recall@20%,-0.026239999999999986,0.025060187549178468,5,-0.0262 ± 0.0251
grouped,length_missing_plus_20pct,length_missing_fraction,0.2,delta_recall@20%,-0.0716,0.07351992927091267,5,-0.0716 ± 0.0735
grouped,length_missing_plus_30pct,length_missing_fraction,0.3,delta_recall@20%,-0.0012399999999999855,0.09660708048585258,5,-0.0012 ± 0.0966
grouped,current_measurement_missing,current_measurement_missing,1.0,delta_recall@20%,-0.22936,0.18930177759334432,5,-0.2294 ± 0.1893
temporal,baseline,none,0.0,delta_recall@20%,0.0,0.0,5,0.0000 ± 0.0000
temporal,length_noise_sigma_0_5cm,length_noise_cm,0.5,delta_recall@20%,-0.03166,0.024230002063557483,5,-0.0317 ± 0.0242
temporal,length_noise_sigma_1_0cm,length_noise_cm,1.0,delta_recall@20%,-0.09704,0.0419356411659581,5,-0.0970 ± 0.0419
temporal,length_noise_sigma_2_0cm,length_noise_cm,2.0,delta_recall@20%,-0.15564,0.07437283106081143,5,-0.1556 ± 0.0744
temporal,length_missing_plus_10pct,length_missing_fraction,0.1,delta_recall@20%,-0.014379999999999993,0.020839193842373073,5,-0.0144 ± 0.0208
temporal,length_missing_plus_20pct,length_missing_fraction,0.2,delta_recall@20%,-0.032979999999999995,0.025913645054295227,5,-0.0330 ± 0.0259
temporal,length_missing_plus_30pct,length_missing_fraction,0.3,delta_recall@20%,-0.07596000000000001,0.029621579971365476,5,-0.0760 ± 0.0296
temporal,current_measurement_missing,current_measurement_missing,1.0,delta_recall@20%,-0.13088,0.07130046984417424,5,-0.1309 ± 0.0713
grouped,baseline,none,0.0,delta_precision@20%,0.0,0.0,5,0.0000 ± 0.0000
grouped,length_noise_sigma_0_5cm,length_noise_cm,0.5,delta_precision@20%,0.01668000000000001,0.037255697550844485,5,0.0167 ± 0.0373
grouped,length_noise_sigma_1_0cm,length_noise_cm,1.0,delta_precision@20%,-0.033339999999999995,0.06001273198247186,5,-0.0333 ± 0.0600
grouped,length_noise_sigma_2_0cm,length_noise_cm,2.0,delta_precision@20%,-0.08331999999999999,0.0706394507339914,5,-0.0833 ± 0.0706
grouped,length_missing_plus_10pct,length_missing_fraction,0.1,delta_precision@20%,-0.012499999999999989,0.011410959644131592,5,-0.0125 ± 0.0114
grouped,length_missing_plus_20pct,length_missing_fraction,0.2,delta_precision@20%,-0.033319999999999995,0.03159093224328779,5,-0.0333 ± 0.0316
grouped,length_missing_plus_30pct,length_missing_fraction,0.3,delta_precision@20%,-0.004159999999999992,0.04748613481849203,5,-0.0042 ± 0.0475
grouped,current_measurement_missing,current_measurement_missing,1.0,delta_precision@20%,-0.1125,0.09155107863919462,5,-0.1125 ± 0.0916
temporal,baseline,none,0.0,delta_precision@20%,0.0,0.0,5,0.0000 ± 0.0000
temporal,length_noise_sigma_0_5cm,length_noise_cm,0.5,delta_precision@20%,-0.02158000000000001,0.017287770243730103,5,-0.0216 ± 0.0173
temporal,length_noise_sigma_1_0cm,length_noise_cm,1.0,delta_precision@20%,-0.06404000000000001,0.027044740708684938,5,-0.0640 ± 0.0270
temporal,length_noise_sigma_2_0cm,length_noise_cm,2.0,delta_precision@20%,-0.10338000000000003,0.045699912472563886,5,-0.1034 ± 0.0457
temporal,length_missing_plus_10pct,length_missing_fraction,0.1,delta_precision@20%,-0.009480000000000011,0.013925947005500218,5,-0.0095 ± 0.0139
temporal,length_missing_plus_20pct,length_missing_fraction,0.2,delta_precision@20%,-0.022540000000000004,0.018587172996451073,5,-0.0225 ± 0.0186
temporal,length_missing_plus_30pct,length_missing_fraction,0.3,delta_precision@20%,-0.05160000000000002,0.022385039647049996,5,-0.0516 ± 0.0224
temporal,current_measurement_missing,current_measurement_missing,1.0,delta_precision@20%,-0.08762000000000002,0.04772600968025717,5,-0.0876 ± 0.0477
grouped,baseline,none,0.0,delta_lift@20%,0.0,0.0,5,0.0000 ± 0.0000
grouped,length_noise_sigma_0_5cm,length_noise_cm,0.5,delta_lift@20%,0.16939999999999986,0.3447155348979794,5,0.1694 ± 0.3447
grouped,length_noise_sigma_1_0cm,length_noise_cm,1.0,delta_lift@20%,-0.3038,0.5407663081220945,5,-0.3038 ± 0.5408
grouped,length_noise_sigma_2_0cm,length_noise_cm,2.0,delta_lift@20%,-0.8038000000000001,0.615162336298314,5,-0.8038 ± 0.6152
grouped,length_missing_plus_10pct,length_missing_fraction,0.1,delta_lift@20%,-0.13120000000000012,0.12540015948953182,5,-0.1312 ± 0.1254
grouped,length_missing_plus_20pct,length_missing_fraction,0.2,delta_lift@20%,-0.35800000000000004,0.36759964635456327,5,-0.3580 ± 0.3676
grouped,length_missing_plus_30pct,length_missing_fraction,0.3,delta_lift@20%,-0.0062000000000000275,0.483035402429263,5,-0.0062 ± 0.4830
grouped,current_measurement_missing,current_measurement_missing,1.0,delta_lift@20%,-1.1468,0.946418089429825,5,-1.1468 ± 0.9464
temporal,baseline,none,0.0,delta_lift@20%,0.0,0.0,5,0.0000 ± 0.0000
temporal,length_noise_sigma_0_5cm,length_noise_cm,0.5,delta_lift@20%,-0.15860000000000002,0.12136844729994697,5,-0.1586 ± 0.1214
temporal,length_noise_sigma_1_0cm,length_noise_cm,1.0,delta_lift@20%,-0.48519999999999996,0.21022059841985044,5,-0.4852 ± 0.2102
temporal,length_noise_sigma_2_0cm,length_noise_cm,2.0,delta_lift@20%,-0.7786000000000001,0.37305468767997013,5,-0.7786 ± 0.3731
temporal,length_missing_plus_10pct,length_missing_fraction,0.1,delta_lift@20%,-0.07180000000000004,0.1041930899820138,5,-0.0718 ± 0.1042
temporal,length_missing_plus_20pct,length_missing_fraction,0.2,delta_lift@20%,-0.16500000000000004,0.12992497835289418,5,-0.1650 ± 0.1299
temporal,length_missing_plus_30pct,length_missing_fraction,0.3,delta_lift@20%,-0.37960000000000005,0.14770849670888928,5,-0.3796 ± 0.1477
temporal,current_measurement_missing,current_measurement_missing,1.0,delta_lift@20%,-0.6548,0.35744747865945303,5,-0.6548 ± 0.3574
