generator_seed,evaluation,model,model_fingerprint_sha256,scenario,perturbation_kind,perturbation_level,n_intended,n_scored,coverage,perturbation_seed,n_candidate_measurements,n_perturbed_measurements,realized_perturbation_fraction,max_perturbed_date,causal_timing_verified,auprc,recall@5%,recall@10%,recall@20%,precision@5%,precision@10%,precision@20%,lift@5%,lift@10%,lift@20%,delta_auprc,delta_recall@20%,delta_precision@20%,delta_lift@20%
42,grouped,M2_plus_trajectory,396a904db0957e717388b186b1f2bb605744216a2543f622311a881ad74afede,baseline,none,0.0,240,240,1.0,4188448369,3973,0,0.0,,True,0.1761,0.1154,0.1538,0.3462,0.25,0.1667,0.1875,2.308,1.538,1.731,0.0,0.0,0.0,0.0
42,grouped,M2_plus_trajectory,396a904db0957e717388b186b1f2bb605744216a2543f622311a881ad74afede,length_noise_sigma_0_5cm,length_noise_cm,0.5,240,240,1.0,40420472,3973,3973,1.0,2026-06-13,True,0.2604,0.2308,0.3077,0.4615,0.5,0.3333,0.25,4.615,3.077,2.308,0.08430000000000001,0.11530000000000001,0.0625,0.5769999999999997
42,grouped,M2_plus_trajectory,396a904db0957e717388b186b1f2bb605744216a2543f622311a881ad74afede,length_noise_sigma_1_0cm,length_noise_cm,1.0,240,240,1.0,3232443249,3973,3973,1.0,2026-06-13,True,0.1999,0.1538,0.1923,0.3846,0.3333,0.2083,0.2083,3.077,1.923,1.923,0.023799999999999988,0.03839999999999999,0.020800000000000013,0.19199999999999995
42,grouped,M2_plus_trajectory,396a904db0957e717388b186b1f2bb605744216a2543f622311a881ad74afede,length_noise_sigma_2_0cm,length_noise_cm,2.0,240,240,1.0,1227368462,3973,3973,1.0,2026-06-13,True,0.1255,0.0,0.1923,0.2308,0.0,0.2083,0.125,0.0,1.923,1.154,-0.050600000000000006,-0.1154,-0.0625,-0.5770000000000002
42,grouped,M2_plus_trajectory,396a904db0957e717388b186b1f2bb605744216a2543f622311a881ad74afede,length_missing_plus_10pct,length_missing_fraction,0.1,240,240,1.0,838510175,3973,397,0.09992449030958973,2026-05-22,True,0.1763,0.1538,0.1923,0.3462,0.3333,0.2083,0.1875,3.077,1.923,1.731,0.00020000000000000573,0.0,0.0,0.0
42,grouped,M2_plus_trajectory,396a904db0957e717388b186b1f2bb605744216a2543f622311a881ad74afede,length_missing_plus_20pct,length_missing_fraction,0.2,240,240,1.0,2733537890,3973,795,0.2001006795872137,2026-05-18,True,0.188,0.1538,0.2308,0.3462,0.3333,0.25,0.1875,3.077,2.308,1.731,0.011899999999999994,0.0,0.0,0.0
42,grouped,M2_plus_trajectory,396a904db0957e717388b186b1f2bb605744216a2543f622311a881ad74afede,length_missing_plus_30pct,length_missing_fraction,0.3,240,240,1.0,2373172428,3973,1192,0.30002516989680345,2026-05-22,True,0.1972,0.1538,0.2692,0.3462,0.3333,0.2917,0.1875,3.077,2.692,1.731,0.02109999999999998,0.0,0.0,0.0
42,grouped,M2_plus_trajectory,396a904db0957e717388b186b1f2bb605744216a2543f622311a881ad74afede,current_measurement_missing,current_measurement_missing,1.0,240,240,1.0,1313201921,3973,240,0.06040775232821546,2026-06-13,True,0.1624,0.1154,0.1923,0.4231,0.25,0.2083,0.2292,2.308,1.923,2.115,-0.013700000000000018,0.07689999999999997,0.04169999999999999,0.3840000000000001
42,temporal,M2_plus_trajectory,42afcb850201be120695b7f9ca7b50142854f9d1fdb76cdb2251b98d2fbf872a,baseline,none,0.0,1063,1063,1.0,4188448369,14975,0,0.0,,True,0.3149,0.1714,0.2929,0.4429,0.4528,0.3868,0.2911,3.438,2.937,2.21,0.0,0.0,0.0,0.0
42,temporal,M2_plus_trajectory,42afcb850201be120695b7f9ca7b50142854f9d1fdb76cdb2251b98d2fbf872a,length_noise_sigma_0_5cm,length_noise_cm,0.5,1063,1063,1.0,40420472,14975,14975,1.0,2026-02-23,True,0.3157,0.1714,0.2643,0.4429,0.4528,0.3491,0.2911,3.438,2.65,2.21,0.0007999999999999674,0.0,0.0,0.0
42,temporal,M2_plus_trajectory,42afcb850201be120695b7f9ca7b50142854f9d1fdb76cdb2251b98d2fbf872a,length_noise_sigma_1_0cm,length_noise_cm,1.0,1063,1063,1.0,3232443249,14975,14975,1.0,2026-02-23,True,0.2118,0.1,0.1786,0.3429,0.2642,0.2358,0.2254,2.006,1.791,1.711,-0.10310000000000002,-0.10000000000000003,-0.06570000000000004,-0.4989999999999999
42,temporal,M2_plus_trajectory,42afcb850201be120695b7f9ca7b50142854f9d1fdb76cdb2251b98d2fbf872a,length_noise_sigma_2_0cm,length_noise_cm,2.0,1063,1063,1.0,1227368462,14975,14975,1.0,2026-02-23,True,0.2027,0.1143,0.1714,0.3143,0.3019,0.2264,0.2066,2.292,1.719,1.568,-0.11220000000000002,-0.1286,-0.08450000000000002,-0.6419999999999999
42,temporal,M2_plus_trajectory,42afcb850201be120695b7f9ca7b50142854f9d1fdb76cdb2251b98d2fbf872a,length_missing_plus_10pct,length_missing_fraction,0.1,1063,1063,1.0,838510175,14975,1498,0.10003338898163606,2025-11-28,True,0.3039,0.1571,0.2571,0.4429,0.4151,0.3396,0.2911,3.152,2.579,2.21,-0.01100000000000001,0.0,0.0,0.0
42,temporal,M2_plus_trajectory,42afcb850201be120695b7f9ca7b50142854f9d1fdb76cdb2251b98d2fbf872a,length_missing_plus_20pct,length_missing_fraction,0.2,1063,1063,1.0,2733537890,14975,2995,0.2,2026-01-12,True,0.3108,0.1643,0.2286,0.4286,0.434,0.3019,0.2817,3.295,2.292,2.139,-0.0040999999999999925,-0.014300000000000035,-0.00940000000000002,-0.07100000000000017
42,temporal,M2_plus_trajectory,42afcb850201be120695b7f9ca7b50142854f9d1fdb76cdb2251b98d2fbf872a,length_missing_plus_30pct,length_missing_fraction,0.3,1063,1063,1.0,2373172428,14975,4492,0.2999666110183639,2026-02-23,True,0.2513,0.1286,0.2,0.35,0.3396,0.2642,0.23,2.579,2.006,1.747,-0.06359999999999999,-0.09290000000000004,-0.061100000000000015,-0.46299999999999986
42,temporal,M2_plus_trajectory,42afcb850201be120695b7f9ca7b50142854f9d1fdb76cdb2251b98d2fbf872a,current_measurement_missing,current_measurement_missing,1.0,1063,1063,1.0,1313201921,14975,1063,0.07098497495826377,2026-02-23,True,0.193,0.1071,0.1786,0.3214,0.283,0.2358,0.2113,2.149,1.791,1.604,-0.12190000000000001,-0.1215,-0.07980000000000004,-0.6059999999999999
314,grouped,M2_plus_trajectory,8826aff245a4288c334581baad0065aea02a9d58d870cd0b4f315fc682d99796,baseline,none,0.0,240,240,1.0,2979462678,3997,0,0.0,,True,0.3077,0.08,0.28,0.6,0.1667,0.2917,0.3125,1.6,2.8,3.0,0.0,0.0,0.0,0.0
314,grouped,M2_plus_trajectory,8826aff245a4288c334581baad0065aea02a9d58d870cd0b4f315fc682d99796,length_noise_sigma_0_5cm,length_noise_cm,0.5,240,240,1.0,162657829,3997,3997,1.0,2026-06-03,True,0.2448,0.12,0.24,0.56,0.25,0.25,0.2917,2.4,2.4,2.8,-0.06289999999999998,-0.039999999999999925,-0.020799999999999985,-0.20000000000000018
314,grouped,M2_plus_trajectory,8826aff245a4288c334581baad0065aea02a9d58d870cd0b4f315fc682d99796,length_noise_sigma_1_0cm,length_noise_cm,1.0,240,240,1.0,1555381480,3997,3997,1.0,2026-06-03,True,0.2141,0.08,0.24,0.48,0.1667,0.25,0.25,1.6,2.4,2.4,-0.09359999999999996,-0.12,-0.0625,-0.6000000000000001
314,grouped,M2_plus_trajectory,8826aff245a4288c334581baad0065aea02a9d58d870cd0b4f315fc682d99796,length_noise_sigma_2_0cm,length_noise_cm,2.0,240,240,1.0,3870334724,3997,3997,1.0,2026-06-03,True,0.2145,0.08,0.2,0.52,0.1667,0.2083,0.2708,1.6,2.0,2.6,-0.09319999999999998,-0.07999999999999996,-0.041700000000000015,-0.3999999999999999
314,grouped,M2_plus_trajectory,8826aff245a4288c334581baad0065aea02a9d58d870cd0b4f315fc682d99796,length_missing_plus_10pct,length_missing_fraction,0.1,240,240,1.0,2281353248,3997,400,0.10007505629221916,2026-04-28,True,0.3092,0.12,0.28,0.56,0.25,0.2917,0.2917,2.4,2.8,2.8,0.0015000000000000013,-0.039999999999999925,-0.020799999999999985,-0.20000000000000018
314,grouped,M2_plus_trajectory,8826aff245a4288c334581baad0065aea02a9d58d870cd0b4f315fc682d99796,length_missing_plus_20pct,length_missing_fraction,0.2,240,240,1.0,2405772913,3997,799,0.19989992494370779,2026-05-12,True,0.2275,0.12,0.2,0.48,0.25,0.2083,0.25,2.4,2.0,2.4,-0.08019999999999997,-0.12,-0.0625,-0.6000000000000001
314,grouped,M2_plus_trajectory,8826aff245a4288c334581baad0065aea02a9d58d870cd0b4f315fc682d99796,length_missing_plus_30pct,length_missing_fraction,0.3,240,240,1.0,804055453,3997,1199,0.2999749812359269,2026-06-03,True,0.2194,0.08,0.12,0.48,0.1667,0.125,0.25,1.6,1.2,2.4,-0.08829999999999996,-0.12,-0.0625,-0.6000000000000001
314,grouped,M2_plus_trajectory,8826aff245a4288c334581baad0065aea02a9d58d870cd0b4f315fc682d99796,current_measurement_missing,current_measurement_missing,1.0,240,240,1.0,1402033457,3997,240,0.0600450337753315,2026-06-03,True,0.1712,0.12,0.2,0.24,0.25,0.2083,0.125,2.4,2.0,1.2,-0.13649999999999998,-0.36,-0.1875,-1.8
314,temporal,M2_plus_trajectory,c17b7948c253620fbd47443590bee1d5849e6ffef46736d0bd9e6ad4d9fecc38,baseline,none,0.0,1062,1062,1.0,2979462678,15134,0,0.0,,True,0.3339,0.1642,0.3134,0.4925,0.4151,0.3962,0.3113,3.29,3.14,2.467,0.0,0.0,0.0,0.0
314,temporal,M2_plus_trajectory,c17b7948c253620fbd47443590bee1d5849e6ffef46736d0bd9e6ad4d9fecc38,length_noise_sigma_0_5cm,length_noise_cm,0.5,1062,1062,1.0,162657829,15134,15134,1.0,2026-03-30,True,0.2704,0.1119,0.2463,0.4478,0.283,0.3113,0.283,2.243,2.467,2.243,-0.0635,-0.04470000000000002,-0.028300000000000047,-0.2240000000000002
314,temporal,M2_plus_trajectory,c17b7948c253620fbd47443590bee1d5849e6ffef46736d0bd9e6ad4d9fecc38,length_noise_sigma_1_0cm,length_noise_cm,1.0,1062,1062,1.0,1555381480,15134,15134,1.0,2026-03-30,True,0.2309,0.1119,0.194,0.3806,0.283,0.2453,0.2406,2.243,1.944,1.907,-0.10299999999999998,-0.1119,-0.07070000000000001,-0.56
314,temporal,M2_plus_trajectory,c17b7948c253620fbd47443590bee1d5849e6ffef46736d0bd9e6ad4d9fecc38,length_noise_sigma_2_0cm,length_noise_cm,2.0,1062,1062,1.0,3870334724,15134,15134,1.0,2026-03-30,True,0.1735,0.0821,0.1418,0.209,0.2075,0.1792,0.1321,1.645,1.421,1.047,-0.1604,-0.2835,-0.17920000000000003,-1.4200000000000002
314,temporal,M2_plus_trajectory,c17b7948c253620fbd47443590bee1d5849e6ffef46736d0bd9e6ad4d9fecc38,length_missing_plus_10pct,length_missing_fraction,0.1,1062,1062,1.0,2281353248,15134,1513,0.0999735694462799,2025-12-10,True,0.331,0.1716,0.2836,0.4776,0.434,0.3585,0.3019,3.439,2.841,2.393,-0.002899999999999958,-0.014899999999999969,-0.00940000000000002,-0.07400000000000029
314,temporal,M2_plus_trajectory,c17b7948c253620fbd47443590bee1d5849e6ffef46736d0bd9e6ad4d9fecc38,length_missing_plus_20pct,length_missing_fraction,0.2,1062,1062,1.0,2405772913,15134,3027,0.20001321527686006,2026-01-08,True,0.3204,0.1642,0.2985,0.4701,0.4151,0.3774,0.2972,3.29,2.991,2.355,-0.013499999999999956,-0.022399999999999975,-0.014100000000000001,-0.1120000000000001
314,temporal,M2_plus_trajectory,c17b7948c253620fbd47443590bee1d5849e6ffef46736d0bd9e6ad4d9fecc38,length_missing_plus_30pct,length_missing_fraction,0.3,1062,1062,1.0,804055453,15134,4540,0.29998678472313994,2026-01-08,True,0.3096,0.194,0.291,0.4552,0.4906,0.3679,0.2877,3.888,2.916,2.28,-0.02429999999999999,-0.0373,-0.02360000000000001,-0.18700000000000028
314,temporal,M2_plus_trajectory,c17b7948c253620fbd47443590bee1d5849e6ffef46736d0bd9e6ad4d9fecc38,current_measurement_missing,current_measurement_missing,1.0,1062,1062,1.0,1402033457,15134,1062,0.07017312012686666,2026-03-30,True,0.2025,0.0896,0.1866,0.3507,0.2264,0.2358,0.2217,1.794,1.869,1.757,-0.13139999999999996,-0.14179999999999998,-0.08960000000000001,-0.7100000000000002
1618,grouped,M2_plus_trajectory,4187d73c2b361ba074774f55cd055e501cc8be2c55f489ad905812fb8390523b,baseline,none,0.0,240,240,1.0,887527550,4081,0,0.0,,True,0.2594,0.1071,0.2857,0.4643,0.25,0.3333,0.2708,2.143,2.857,2.321,0.0,0.0,0.0,0.0
1618,grouped,M2_plus_trajectory,4187d73c2b361ba074774f55cd055e501cc8be2c55f489ad905812fb8390523b,length_noise_sigma_0_5cm,length_noise_cm,0.5,240,240,1.0,1178551176,4081,4081,1.0,2026-06-12,True,0.2996,0.1071,0.1786,0.4286,0.25,0.2083,0.25,2.143,1.786,2.143,0.04019999999999996,-0.03570000000000001,-0.020799999999999985,-0.17800000000000038
1618,grouped,M2_plus_trajectory,4187d73c2b361ba074774f55cd055e501cc8be2c55f489ad905812fb8390523b,length_noise_sigma_1_0cm,length_noise_cm,1.0,240,240,1.0,1965132416,4081,4081,1.0,2026-06-12,True,0.254,0.0714,0.25,0.4643,0.1667,0.2917,0.2708,1.429,2.5,2.321,-0.005400000000000016,0.0,0.0,0.0
1618,grouped,M2_plus_trajectory,4187d73c2b361ba074774f55cd055e501cc8be2c55f489ad905812fb8390523b,length_noise_sigma_2_0cm,length_noise_cm,2.0,240,240,1.0,3974643077,4081,4081,1.0,2026-06-12,True,0.1761,0.0357,0.1429,0.3929,0.0833,0.1667,0.2292,0.714,1.429,1.964,-0.08330000000000001,-0.07139999999999996,-0.0416,-0.3570000000000002
1618,grouped,M2_plus_trajectory,4187d73c2b361ba074774f55cd055e501cc8be2c55f489ad905812fb8390523b,length_missing_plus_10pct,length_missing_fraction,0.1,240,240,1.0,1328764655,4081,408,0.09997549620191129,2026-06-09,True,0.2414,0.1071,0.25,0.4286,0.25,0.2917,0.25,2.143,2.5,2.143,-0.018000000000000016,-0.03570000000000001,-0.020799999999999985,-0.17800000000000038
1618,grouped,M2_plus_trajectory,4187d73c2b361ba074774f55cd055e501cc8be2c55f489ad905812fb8390523b,length_missing_plus_20pct,length_missing_fraction,0.2,240,240,1.0,3595694642,4081,816,0.19995099240382258,2026-06-12,True,0.2334,0.1429,0.25,0.3929,0.3333,0.2917,0.2292,2.857,2.5,1.964,-0.026000000000000023,-0.07139999999999996,-0.0416,-0.3570000000000002
1618,grouped,M2_plus_trajectory,4187d73c2b361ba074774f55cd055e501cc8be2c55f489ad905812fb8390523b,length_missing_plus_30pct,length_missing_fraction,0.3,240,240,1.0,886334044,4081,1224,0.2999264886057339,2026-05-13,True,0.191,0.0357,0.1071,0.3929,0.0833,0.125,0.2292,0.714,1.071,1.964,-0.06840000000000002,-0.07139999999999996,-0.0416,-0.3570000000000002
1618,grouped,M2_plus_trajectory,4187d73c2b361ba074774f55cd055e501cc8be2c55f489ad905812fb8390523b,current_measurement_missing,current_measurement_missing,1.0,240,240,1.0,635781911,4081,240,0.058809115412888996,2026-06-12,True,0.1639,0.0714,0.1071,0.2857,0.1667,0.125,0.1667,1.429,1.071,1.429,-0.09550000000000003,-0.17859999999999998,-0.1041,-0.8920000000000001
1618,temporal,M2_plus_trajectory,e9c49e26a77da9dc1a31d5ad38ea5845967b0f29e1e040b48055b7ba98c73ff6,baseline,none,0.0,1069,1069,1.0,887527550,15208,0,0.0,,True,0.2596,0.1538,0.1818,0.4056,0.4151,0.243,0.271,3.103,1.816,2.026,0.0,0.0,0.0,0.0
1618,temporal,M2_plus_trajectory,e9c49e26a77da9dc1a31d5ad38ea5845967b0f29e1e040b48055b7ba98c73ff6,length_noise_sigma_0_5cm,length_noise_cm,0.5,1069,1069,1.0,1178551176,15208,15208,1.0,2026-01-27,True,0.2352,0.1189,0.1818,0.3846,0.3208,0.243,0.257,2.398,1.816,1.921,-0.024400000000000005,-0.02100000000000002,-0.014000000000000012,-0.10499999999999976
1618,temporal,M2_plus_trajectory,e9c49e26a77da9dc1a31d5ad38ea5845967b0f29e1e040b48055b7ba98c73ff6,length_noise_sigma_1_0cm,length_noise_cm,1.0,1069,1069,1.0,1965132416,15208,15208,1.0,2026-01-27,True,0.2078,0.1119,0.1958,0.2937,0.3019,0.2617,0.1963,2.257,1.956,1.467,-0.051799999999999985,-0.1119,-0.07470000000000002,-0.5589999999999997
1618,temporal,M2_plus_trajectory,e9c49e26a77da9dc1a31d5ad38ea5845967b0f29e1e040b48055b7ba98c73ff6,length_noise_sigma_2_0cm,length_noise_cm,2.0,1069,1069,1.0,3974643077,15208,15208,1.0,2026-01-27,True,0.1898,0.0979,0.1678,0.3077,0.2642,0.2243,0.2056,1.975,1.677,1.537,-0.0698,-0.09790000000000004,-0.06540000000000001,-0.4889999999999999
1618,temporal,M2_plus_trajectory,e9c49e26a77da9dc1a31d5ad38ea5845967b0f29e1e040b48055b7ba98c73ff6,length_missing_plus_10pct,length_missing_fraction,0.1,1069,1069,1.0,1328764655,15208,1521,0.10001315097317201,2025-12-16,True,0.2562,0.1538,0.1958,0.3986,0.4151,0.2617,0.2664,3.103,1.956,1.991,-0.003400000000000014,-0.007000000000000006,-0.004599999999999993,-0.0349999999999997
1618,temporal,M2_plus_trajectory,e9c49e26a77da9dc1a31d5ad38ea5845967b0f29e1e040b48055b7ba98c73ff6,length_missing_plus_20pct,length_missing_fraction,0.2,1069,1069,1.0,3595694642,15208,3042,0.20002630194634402,2025-12-13,True,0.2284,0.1119,0.1608,0.3986,0.3019,0.215,0.2664,2.257,1.607,1.991,-0.031200000000000006,-0.007000000000000006,-0.004599999999999993,-0.0349999999999997
1618,temporal,M2_plus_trajectory,e9c49e26a77da9dc1a31d5ad38ea5845967b0f29e1e040b48055b7ba98c73ff6,length_missing_plus_30pct,length_missing_fraction,0.3,1069,1069,1.0,886334044,15208,4562,0.299973698053656,2025-12-27,True,0.2257,0.1189,0.1748,0.3357,0.3208,0.2336,0.2243,2.398,1.747,1.677,-0.033899999999999986,-0.06990000000000002,-0.04670000000000002,-0.34899999999999975
1618,temporal,M2_plus_trajectory,e9c49e26a77da9dc1a31d5ad38ea5845967b0f29e1e040b48055b7ba98c73ff6,current_measurement_missing,current_measurement_missing,1.0,1069,1069,1.0,635781911,15208,1069,0.07029195160441873,2026-01-27,True,0.2466,0.1399,0.2238,0.3776,0.3774,0.2991,0.2523,2.821,2.236,1.886,-0.012999999999999984,-0.028000000000000025,-0.018699999999999994,-0.1399999999999999
2026,grouped,M2_plus_trajectory,af6eaf088f3bd786f28fc6d4751fa3c63155bdde1405b376c80e6c5089d177fc,baseline,none,0.0,240,240,1.0,2132926293,3911,0,0.0,,True,0.2071,0.1667,0.1667,0.4444,0.25,0.125,0.1667,3.333,1.667,2.222,0.0,0.0,0.0,0.0
2026,grouped,M2_plus_trajectory,af6eaf088f3bd786f28fc6d4751fa3c63155bdde1405b376c80e6c5089d177fc,length_noise_sigma_0_5cm,length_noise_cm,0.5,240,240,1.0,1933495896,3911,3911,1.0,2026-06-03,True,0.1698,0.1667,0.2222,0.5,0.25,0.1667,0.1875,3.333,2.222,2.5,-0.0373,0.05559999999999998,0.020800000000000013,0.278
2026,grouped,M2_plus_trajectory,af6eaf088f3bd786f28fc6d4751fa3c63155bdde1405b376c80e6c5089d177fc,length_noise_sigma_1_0cm,length_noise_cm,1.0,240,240,1.0,3181615887,3911,3911,1.0,2026-06-03,True,0.2082,0.2222,0.2778,0.4444,0.3333,0.2083,0.1667,4.444,2.778,2.222,0.0010999999999999899,0.0,0.0,0.0
2026,grouped,M2_plus_trajectory,af6eaf088f3bd786f28fc6d4751fa3c63155bdde1405b376c80e6c5089d177fc,length_noise_sigma_2_0cm,length_noise_cm,2.0,240,240,1.0,3181067763,3911,3911,1.0,2026-06-03,True,0.1044,0.1111,0.1667,0.2778,0.1667,0.125,0.1042,2.222,1.667,1.389,-0.1027,-0.16660000000000003,-0.062499999999999986,-0.833
2026,grouped,M2_plus_trajectory,af6eaf088f3bd786f28fc6d4751fa3c63155bdde1405b376c80e6c5089d177fc,length_missing_plus_10pct,length_missing_fraction,0.1,240,240,1.0,2977510431,3911,391,0.09997443109179238,2026-05-22,True,0.2536,0.2222,0.2222,0.3889,0.3333,0.1667,0.1458,4.444,2.222,1.944,0.046499999999999986,-0.055499999999999994,-0.020899999999999974,-0.278
2026,grouped,M2_plus_trajectory,af6eaf088f3bd786f28fc6d4751fa3c63155bdde1405b376c80e6c5089d177fc,length_missing_plus_20pct,length_missing_fraction,0.2,240,240,1.0,3029627475,3911,782,0.19994886218358476,2026-06-03,True,0.153,0.1111,0.1667,0.2778,0.1667,0.125,0.1042,2.222,1.667,1.389,-0.05410000000000001,-0.16660000000000003,-0.062499999999999986,-0.833
2026,grouped,M2_plus_trajectory,af6eaf088f3bd786f28fc6d4751fa3c63155bdde1405b376c80e6c5089d177fc,length_missing_plus_30pct,length_missing_fraction,0.3,240,240,1.0,1152862376,3911,1173,0.29992329327537715,2026-05-21,True,0.2552,0.1667,0.2778,0.5556,0.25,0.2083,0.2083,3.333,2.778,2.778,0.048099999999999976,0.11119999999999997,0.041600000000000026,0.556
2026,grouped,M2_plus_trajectory,af6eaf088f3bd786f28fc6d4751fa3c63155bdde1405b376c80e6c5089d177fc,current_measurement_missing,current_measurement_missing,1.0,240,240,1.0,1142054043,3911,240,0.061365379698286884,2026-06-03,True,0.0826,0.0,0.0,0.0556,0.0,0.0,0.0208,0.0,0.0,0.278,-0.1245,-0.38880000000000003,-0.14589999999999997,-1.944
2026,temporal,M2_plus_trajectory,a7d074a352d8a1d7a86b40ebb4b0d2fbfa2d30cbbf8ad7cb4d15cae443e4bc68,baseline,none,0.0,1052,1052,1.0,2132926293,14840,0,0.0,,True,0.2712,0.1571,0.2357,0.4214,0.4151,0.3143,0.281,3.119,2.362,2.111,0.0,0.0,0.0,0.0
2026,temporal,M2_plus_trajectory,a7d074a352d8a1d7a86b40ebb4b0d2fbfa2d30cbbf8ad7cb4d15cae443e4bc68,length_noise_sigma_0_5cm,length_noise_cm,0.5,1052,1052,1.0,1933495896,14840,14840,1.0,2026-02-23,True,0.2227,0.1357,0.2143,0.3929,0.3585,0.2857,0.2619,2.694,2.147,1.968,-0.04849999999999999,-0.02849999999999997,-0.019100000000000006,-0.14300000000000024
2026,temporal,M2_plus_trajectory,a7d074a352d8a1d7a86b40ebb4b0d2fbfa2d30cbbf8ad7cb4d15cae443e4bc68,length_noise_sigma_1_0cm,length_noise_cm,1.0,1052,1052,1.0,3181615887,14840,14840,1.0,2026-02-23,True,0.1962,0.1,0.1571,0.2857,0.2642,0.2095,0.1905,1.985,1.574,1.431,-0.07499999999999998,-0.1357,-0.09050000000000002,-0.6800000000000002
2026,temporal,M2_plus_trajectory,a7d074a352d8a1d7a86b40ebb4b0d2fbfa2d30cbbf8ad7cb4d15cae443e4bc68,length_noise_sigma_2_0cm,length_noise_cm,2.0,1052,1052,1.0,3181067763,14840,14840,1.0,2026-02-23,True,0.17,0.0929,0.1357,0.3071,0.2453,0.181,0.2048,1.843,1.36,1.539,-0.10119999999999998,-0.11430000000000001,-0.07620000000000002,-0.5720000000000003
2026,temporal,M2_plus_trajectory,a7d074a352d8a1d7a86b40ebb4b0d2fbfa2d30cbbf8ad7cb4d15cae443e4bc68,length_missing_plus_10pct,length_missing_fraction,0.1,1052,1052,1.0,2977510431,14840,1484,0.1,2025-12-17,True,0.2575,0.15,0.2429,0.3714,0.3962,0.3238,0.2476,2.977,2.433,1.861,-0.01369999999999999,-0.04999999999999999,-0.03340000000000004,-0.2500000000000002
2026,temporal,M2_plus_trajectory,a7d074a352d8a1d7a86b40ebb4b0d2fbfa2d30cbbf8ad7cb4d15cae443e4bc68,length_missing_plus_20pct,length_missing_fraction,0.2,1052,1052,1.0,3029627475,14840,2968,0.2,2025-12-24,True,0.2403,0.1286,0.2214,0.3643,0.3396,0.2952,0.2429,2.552,2.219,1.825,-0.030899999999999983,-0.057099999999999984,-0.03810000000000002,-0.28600000000000025
2026,temporal,M2_plus_trajectory,a7d074a352d8a1d7a86b40ebb4b0d2fbfa2d30cbbf8ad7cb4d15cae443e4bc68,length_missing_plus_30pct,length_missing_fraction,0.3,1052,1052,1.0,1152862376,14840,4452,0.3,2026-01-27,True,0.2191,0.1214,0.2143,0.3571,0.3208,0.2857,0.2381,2.41,2.147,1.789,-0.05210000000000001,-0.06430000000000002,-0.04290000000000002,-0.3220000000000003
2026,temporal,M2_plus_trajectory,a7d074a352d8a1d7a86b40ebb4b0d2fbfa2d30cbbf8ad7cb4d15cae443e4bc68,current_measurement_missing,current_measurement_missing,1.0,1052,1052,1.0,1142054043,14840,1052,0.07088948787061995,2026-02-23,True,0.165,0.0429,0.0571,0.1929,0.1132,0.0762,0.1286,0.851,0.573,0.966,-0.10619999999999999,-0.2285,-0.15240000000000004,-1.1450000000000002
2718,grouped,M2_plus_trajectory,bd60065e37a74ef6b196c8c15fb0f6113a4792e761a4f0a1c2f00b8a0240f91b,baseline,none,0.0,240,240,1.0,2969636279,4051,0,0.0,,True,0.4171,0.2963,0.4074,0.5556,0.6667,0.4583,0.3125,5.926,4.074,2.778,0.0,0.0,0.0,0.0
2718,grouped,M2_plus_trajectory,bd60065e37a74ef6b196c8c15fb0f6113a4792e761a4f0a1c2f00b8a0240f91b,length_noise_sigma_0_5cm,length_noise_cm,0.5,240,240,1.0,2636611843,4051,4051,1.0,2026-06-04,True,0.4933,0.3333,0.4815,0.6296,0.75,0.5417,0.3542,6.667,4.815,3.148,0.07619999999999999,0.07400000000000007,0.041700000000000015,0.3700000000000001
2718,grouped,M2_plus_trajectory,bd60065e37a74ef6b196c8c15fb0f6113a4792e761a4f0a1c2f00b8a0240f91b,length_noise_sigma_1_0cm,length_noise_cm,1.0,240,240,1.0,3707298336,4051,4051,1.0,2026-06-04,True,0.204,0.1481,0.2593,0.3333,0.3333,0.2917,0.1875,2.963,2.593,1.667,-0.21310000000000004,-0.2223,-0.125,-1.111
2718,grouped,M2_plus_trajectory,bd60065e37a74ef6b196c8c15fb0f6113a4792e761a4f0a1c2f00b8a0240f91b,length_noise_sigma_2_0cm,length_noise_cm,2.0,240,240,1.0,2671435163,4051,4051,1.0,2026-06-04,True,0.1473,0.0741,0.1481,0.1852,0.1667,0.1667,0.1042,1.481,1.481,0.926,-0.26980000000000004,-0.37039999999999995,-0.20829999999999999,-1.8519999999999999
2718,grouped,M2_plus_trajectory,bd60065e37a74ef6b196c8c15fb0f6113a4792e761a4f0a1c2f00b8a0240f91b,length_missing_plus_10pct,length_missing_fraction,0.1,240,240,1.0,318650877,4051,405,0.09997531473710194,2026-04-30,True,0.3957,0.2593,0.3704,0.5556,0.5833,0.4167,0.3125,5.185,3.704,2.778,-0.02140000000000003,0.0,0.0,0.0
2718,grouped,M2_plus_trajectory,bd60065e37a74ef6b196c8c15fb0f6113a4792e761a4f0a1c2f00b8a0240f91b,length_missing_plus_20pct,length_missing_fraction,0.2,240,240,1.0,520777619,4051,810,0.1999506294742039,2026-05-12,True,0.3936,0.2963,0.4074,0.5556,0.6667,0.4583,0.3125,5.926,4.074,2.778,-0.02350000000000002,0.0,0.0,0.0
2718,grouped,M2_plus_trajectory,bd60065e37a74ef6b196c8c15fb0f6113a4792e761a4f0a1c2f00b8a0240f91b,length_missing_plus_30pct,length_missing_fraction,0.3,240,240,1.0,4141831689,4051,1215,0.29992594421130586,2026-05-18,True,0.3608,0.2222,0.3333,0.6296,0.5,0.375,0.3542,4.444,3.333,3.148,-0.05630000000000002,0.07400000000000007,0.041700000000000015,0.3700000000000001
2718,grouped,M2_plus_trajectory,bd60065e37a74ef6b196c8c15fb0f6113a4792e761a4f0a1c2f00b8a0240f91b,current_measurement_missing,current_measurement_missing,1.0,240,240,1.0,151090890,4051,240,0.05924463095531968,2026-06-04,True,0.1522,0.1852,0.1852,0.2593,0.4167,0.2083,0.1458,3.704,1.852,1.296,-0.2649,-0.2963,-0.1667,-1.482
2718,temporal,M2_plus_trajectory,5fe5fc598a8f48efbadf83c1a5fa6d4b9f47abd1d804ed4a6a376e5b32ee1bb7,baseline,none,0.0,1076,1076,1.0,2969636279,15368,0,0.0,,True,0.3086,0.1667,0.2628,0.4167,0.4815,0.3796,0.3023,3.321,2.618,2.085,0.0,0.0,0.0,0.0
2718,temporal,M2_plus_trajectory,5fe5fc598a8f48efbadf83c1a5fa6d4b9f47abd1d804ed4a6a376e5b32ee1bb7,length_noise_sigma_0_5cm,length_noise_cm,0.5,1076,1076,1.0,2636611843,15368,15368,1.0,2026-03-27,True,0.2741,0.1474,0.2308,0.3526,0.4259,0.3333,0.2558,2.938,2.299,1.764,-0.034499999999999975,-0.06409999999999999,-0.046499999999999986,-0.32099999999999995
2718,temporal,M2_plus_trajectory,5fe5fc598a8f48efbadf83c1a5fa6d4b9f47abd1d804ed4a6a376e5b32ee1bb7,length_noise_sigma_1_0cm,length_noise_cm,1.0,1076,1076,1.0,3707298336,15368,15368,1.0,2026-03-27,True,0.2845,0.1346,0.2436,0.391,0.3889,0.3519,0.2837,2.682,2.427,1.957,-0.02410000000000001,-0.0257,-0.018600000000000005,-0.1279999999999999
2718,temporal,M2_plus_trajectory,5fe5fc598a8f48efbadf83c1a5fa6d4b9f47abd1d804ed4a6a376e5b32ee1bb7,length_noise_sigma_2_0cm,length_noise_cm,2.0,1076,1076,1.0,2671435163,15368,15368,1.0,2026-03-27,True,0.1942,0.0962,0.1538,0.2628,0.2778,0.2222,0.1907,1.916,1.533,1.315,-0.11439999999999997,-0.15390000000000004,-0.1116,-0.77
2718,temporal,M2_plus_trajectory,5fe5fc598a8f48efbadf83c1a5fa6d4b9f47abd1d804ed4a6a376e5b32ee1bb7,length_missing_plus_10pct,length_missing_fraction,0.1,1076,1076,1.0,318650877,15368,1537,0.1000130140551796,2025-11-19,True,0.3176,0.1859,0.2692,0.4167,0.537,0.3889,0.3023,3.704,2.682,2.085,0.009000000000000008,0.0,0.0,0.0
2718,temporal,M2_plus_trajectory,5fe5fc598a8f48efbadf83c1a5fa6d4b9f47abd1d804ed4a6a376e5b32ee1bb7,length_missing_plus_20pct,length_missing_fraction,0.2,1076,1076,1.0,520777619,15368,3074,0.2000260281103592,2025-12-06,True,0.2716,0.1218,0.2115,0.3526,0.3519,0.3056,0.2558,2.427,2.108,1.764,-0.03699999999999998,-0.06409999999999999,-0.046499999999999986,-0.32099999999999995
2718,temporal,M2_plus_trajectory,5fe5fc598a8f48efbadf83c1a5fa6d4b9f47abd1d804ed4a6a376e5b32ee1bb7,length_missing_plus_30pct,length_missing_fraction,0.3,1076,1076,1.0,4141831689,15368,4610,0.2999739718896408,2026-02-20,True,0.2328,0.0962,0.1731,0.3013,0.2778,0.25,0.2186,1.916,1.724,1.508,-0.07579999999999998,-0.1154,-0.08370000000000002,-0.577
2718,temporal,M2_plus_trajectory,5fe5fc598a8f48efbadf83c1a5fa6d4b9f47abd1d804ed4a6a376e5b32ee1bb7,current_measurement_missing,current_measurement_missing,1.0,1076,1076,1.0,151090890,15368,1076,0.07001561686621552,2026-03-27,True,0.2013,0.0705,0.1538,0.2821,0.2037,0.2222,0.2047,1.405,1.533,1.412,-0.10729999999999998,-0.1346,-0.09760000000000002,-0.673
